id,source,external_id,lat,lon,observed_at,received_at,satellite,confidence,intensity_frp
d-0001,synthetic_fallback,,42.24745,-7.3607,2025-08-08T13:00:00Z,2026-09-18T16:54:21Z,N20,h,21.7
d-0002,synthetic_fallback,,42.24672,-7.35474,2025-08-08T13:00:00Z,2026-09-18T16:54:21Z,N20,n,11.5
d-0003,synthetic_fallback,,42.24676,-7.36048,2025-08-08T13:00:00Z,2026-09-18T16:54:21Z,N20,h,42.9
d-0004,synthetic_fallback,,42.24678,-7.35963,2025-08-08T13:00:00Z,2026-09-18T16:54:21Z,N20,n,45.9
d-0005,synthetic_fallback,,42.24601,-7.35799,2025-08-08T13:00:00Z,2026-09-18T16:54:21Z,N20,n,5.5
d-0006,synthetic_fallback,,42.24699,-7.35307,2025-08-08T13:00:00Z,2026-09-18T16:54:21Z,N20,h,16.7
d-0007,synthetic_fallback,,42.25243,-7.35524,2025-08-08T13:00:00Z,2026-09-18T16:54:21Z,N20,h,12.3
d-0008,synthetic_fallback,,42.24836,-7.35288,2025-08-08T13:00:00Z,2026-09-18T16:54:21Z,N20,n,59.7
d-0009,synthetic_fallback,,42.24463,-7.35762,2025-08-08T13:00:00Z,2026-09-18T16:54:21Z,N20,h,46.4
d-0010,synthetic_fallback,,42.24803,-7.35312,2025-08-08T13:00:00Z,2026-09-18T16:54:21Z,N20,n,48.3
d-0011,synthetic_fallback,,42.24863,-7.36082,2025-08-08T13:00:00Z,2026-09-18T16:54:21Z,N20,h,26.7
d-0012,synthetic_fallback,,42.24675,-7.35946,2025-08-08T13:00:00Z,2026-09-18T16:54:21Z,N20,h,25.8
d-0013,synthetic_fallback,,42.24714,-7.35841,2025-08-08T13:00:00Z,2026-09-18T16:54:21Z,N20,h,20.7
d-0014,synthetic_fallback,,42.24477,-7.35759,2025-08-08T13:00:00Z,2026-09-18T16:54:21Z,N20,n,50.7
d-0015,synthetic_fallback,,42.24554,-7.35768,2025-08-08T13:00:00Z,2026-09-18T16:54:21Z,N20,h,33.5
d-0016,synthetic_fallback,,42.26296,-7.31471,2025-08-09T02:00:00Z,2026-09-18T16:54:21Z,N20,h,56.3
d-0017,synthetic_fallback,,42.25228,-7.31321,2025-08-09T02:00:00Z,2026-09-18T16:54:21Z,N20,h,7.4
d-0018,synthetic_fallback,,42.26976,-7.34969,2025-08-09T02:00:00Z,2026-09-18T16:54:21Z,N20,h,75.7
d-0019,synthetic_fallback,,42.27819,-7.34118,2025-08-09T02:00:00Z,2026-09-18T16:54:21Z,N20,n,34.7
d-0020,synthetic_fallback,,42.27307,-7.32809,2025-08-09T02:00:00Z,2026-09-18T16:54:21Z,N20,h,23.5
d-0021,synthetic_fallback,,42.27408,-7.34834,2025-08-09T02:00:00Z,2026-09-18T16:54:21Z,N20,h,72.3
d-0022,synthetic_fallback,,42.27189,-7.35273,2025-08-09T02:00:00Z,2026-09-18T16:54:21Z,N20,n,43.2
d-0023,synthetic_fallback,,42.26658,-7.3648,2025-08-09T02:00:00Z,2026-09-18T16:54:21Z,N20,h,52.1
d-0024,synthetic_fallback,,42.27301,-7.33283,2025-08-09T02:00:00Z,2026-09-18T16:54:21Z,N20,h,33.6
d-0025,synthetic_fallback,,42.27028,-7.32139,2025-08-09T02:00:00Z,2026-09-18T16:54:21Z,N20,n,69.6
d-0026,synthetic_fallback,,42.25149,-7.33381,2025-08-09T02:00:00Z,2026-09-18T16:54:21Z,N20,n,45.3
d-0027,synthetic_fallback,,42.25678,-7.33016,2025-08-09T02:00:00Z,2026-09-18T16:54:21Z,N20,h,37.6
d-0028,synthetic_fallback,,42.24033,-7.32217,2025-08-09T02:00:00Z,2026-09-18T16:54:21Z,N20,n,24.8
d-0029,synthetic_fallback,,42.27405,-7.35557,2025-08-09T02:00:00Z,2026-09-18T16:54:21Z,N20,n,70.3
d-0030,synthetic_fallback,,42.25714,-7.32955,2025-08-09T02:00:00Z,2026-09-18T16:54:21Z,N20,n,16.5
d-0031,synthetic_fallback,,42.28292,-7.29949,2025-08-09T13:00:00Z,2026-09-18T16:54:21Z,N20,n,44.8
d-0032,synthetic_fallback,,42.28612,-7.33537,2025-08-09T13:00:00Z,2026-09-18T16:54:21Z,N20,h,74.7
d-0033,synthetic_fallback,,42.25048,-7.27824,2025-08-09T13:00:00Z,2026-09-18T16:54:21Z,N20,h,9.3
d-0034,synthetic_fallback,,42.23585,-7.27887,2025-08-09T13:00:00Z,2026-09-18T16:54:21Z,N20,h,41.4
d-0035,synthetic_fallback,,42.25595,-7.29935,2025-08-09T13:00:00Z,2026-09-18T16:54:21Z,N20,n,14.6
d-0036,synthetic_fallback,,42.27868,-7.30381,2025-08-09T13:00:00Z,2026-09-18T16:54:21Z,N20,h,70.4
d-0037,synthetic_fallback,,42.29671,-7.34715,2025-08-09T13:00:00Z,2026-09-18T16:54:21Z,N20,h,59.7
d-0038,synthetic_fallback,,42.28991,-7.33497,2025-08-09T13:00:00Z,2026-09-18T16:54:21Z,N20,n,53.7
d-0039,synthetic_fallback,,42.28096,-7.30767,2025-08-09T13:00:00Z,2026-09-18T16:54:21Z,N20,h,21.9
d-0040,synthetic_fallback,,42.27383,-7.30308,2025-08-09T13:00:00Z,2026-09-18T16:54:21Z,N20,h,21.5
d-0041,synthetic_fallback,,42.26759,-7.30549,2025-08-09T13:00:00Z,2026-09-18T16:54:21Z,N20,h,72.9
d-0042,synthetic_fallback,,42.30504,-7.36925,2025-08-09T13:00:00Z,2026-09-18T16:54:21Z,N20,h,55.2
d-0043,synthetic_fallback,,42.29381,-7.35899,2025-08-09T13:00:00Z,2026-09-18T16:54:21Z,N20,n,47.8
d-0044,synthetic_fallback,,42.25504,-7.28905,2025-08-09T13:00:00Z,2026-09-18T16:54:21Z,N20,n,19.3
d-0045,synthetic_fallback,,42.28243,-7.32225,2025-08-09T13:00:00Z,2026-09-18T16:54:21Z,N20,h,40.0
d-0046,synthetic_fallback,,42.28073,-7.25236,2025-08-10T02:00:00Z,2026-09-18T16:54:21Z,N20,n,12.4
d-0047,synthetic_fallback,,42.31836,-7.31221,2025-08-10T02:00:00Z,2026-09-18T16:54:21Z,N20,n,23.6
d-0048,synthetic_fallback,,42.30544,-7.29419,2025-08-10T02:00:00Z,2026-09-18T16:54:21Z,N20,h,25.9
d-0049,synthetic_fallback,,42.23701,-7.25426,2025-08-10T02:00:00Z,2026-09-18T16:54:21Z,N20,h,69.6
d-0050,synthetic_fallback,,42.32807,-7.37766,2025-08-10T02:00:00Z,2026-09-18T16:54:21Z,N20,n,67.7
d-0051,synthetic_fallback,,42.2351,-7.23697,2025-08-10T02:00:00Z,2026-09-18T16:54:21Z,N20,n,17.5
d-0052,synthetic_fallback,,42.3265,-7.33927,2025-08-10T02:00:00Z,2026-09-18T16:54:21Z,N20,h,9.4
d-0053,synthetic_fallback,,42.2264,-7.25351,2025-08-10T02:00:00Z,2026-09-18T16:54:21Z,N20,h,63.8
d-0054,synthetic_fallback,,42.31183,-7.2949,2025-08-10T02:00:00Z,2026-09-18T16:54:21Z,N20,n,79.7
d-0055,synthetic_fallback,,42.27207,-7.25229,2025-08-10T02:00:00Z,2026-09-18T16:54:21Z,N20,h,27.3
d-0056,synthetic_fallback,,42.29816,-7.25916,2025-08-10T02:00:00Z,2026-09-18T16:54:21Z,N20,h,61.1
d-0057,synthetic_fallback,,42.28801,-7.2766,2025-08-10T02:00:00Z,2026-09-18T16:54:21Z,N20,h,69.0
d-0058,synthetic_fallback,,42.23119,-7.25765,2025-08-10T02:00:00Z,2026-09-18T16:54:21Z,N20,h,18.9
d-0059,synthetic_fallback,,42.27945,-7.25515,2025-08-10T02:00:00Z,2026-09-18T16:54:21Z,N20,h,14.0
d-0060,synthetic_fallback,,42.33231,-7.32935,2025-08-10T02:00:00Z,2026-09-18T16:54:21Z,N20,h,51.5
d-0061,synthetic_fallback,,42.30594,-7.24202,2025-08-10T13:00:00Z,2026-09-18T16:54:21Z,N20,h,75.1
d-0062,synthetic_fallback,,42.27842,-7.22893,2025-08-10T13:00:00Z,2026-09-18T16:54:21Z,N20,h,34.7
d-0063,synthetic_fallback,,42.34862,-7.30617,2025-08-10T13:00:00Z,2026-09-18T16:54:21Z,N20,h,61.4
d-0064,synthetic_fallback,,42.32175,-7.27287,2025-08-10T13:00:00Z,2026-09-18T16:54:21Z,N20,n,79.7
d-0065,synthetic_fallback,,42.34354,-7.3351,2025-08-10T13:00:00Z,2026-09-18T16:54:21Z,N20,h,75.0
d-0066,synthetic_fallback,,42.24387,-7.20497,2025-08-10T13:00:00Z,2026-09-18T16:54:21Z,N20,h,16.8
d-0067,synthetic_fallback,,42.28495,-7.21583,2025-08-10T13:00:00Z,2026-09-18T16:54:21Z,N20,n,79.0
d-0068,synthetic_fallback,,42.35237,-7.39639,2025-08-10T13:00:00Z,2026-09-18T16:54:21Z,N20,n,27.5
d-0069,synthetic_fallback,,42.23011,-7.21162,2025-08-10T13:00:00Z,2026-09-18T16:54:21Z,N20,h,13.7
d-0070,synthetic_fallback,,42.30789,-7.25344,2025-08-10T13:00:00Z,2026-09-18T16:54:21Z,N20,h,50.4
d-0071,synthetic_fallback,,42.35532,-7.3352,2025-08-10T13:00:00Z,2026-09-18T16:54:21Z,N20,n,24.8
d-0072,synthetic_fallback,,42.23807,-7.21481,2025-08-10T13:00:00Z,2026-09-18T16:54:21Z,N20,n,11.9
d-0073,synthetic_fallback,,42.3462,-7.31497,2025-08-10T13:00:00Z,2026-09-18T16:54:21Z,N20,h,62.8
d-0074,synthetic_fallback,,42.35087,-7.31774,2025-08-10T13:00:00Z,2026-09-18T16:54:21Z,N20,n,46.4
d-0075,synthetic_fallback,,42.34852,-7.39451,2025-08-10T13:00:00Z,2026-09-18T16:54:21Z,N20,h,71.2
d-0076,synthetic_fallback,,42.33682,-7.20932,2025-08-11T02:00:00Z,2026-09-18T16:54:21Z,N20,n,48.7
d-0077,synthetic_fallback,,42.37582,-7.35909,2025-08-11T02:00:00Z,2026-09-18T16:54:21Z,N20,h,72.4
d-0078,synthetic_fallback,,42.2491,-7.16762,2025-08-11T02:00:00Z,2026-09-18T16:54:21Z,N20,n,20.8
d-0079,synthetic_fallback,,42.3775,-7.36835,2025-08-11T02:00:00Z,2026-09-18T16:54:21Z,N20,n,71.3
d-0080,synthetic_fallback,,42.31369,-7.20219,2025-08-11T02:00:00Z,2026-09-18T16:54:21Z,N20,h,74.7
d-0081,synthetic_fallback,,42.21461,-7.17031,2025-08-11T02:00:00Z,2026-09-18T16:54:21Z,N20,n,71.1
d-0082,synthetic_fallback,,42.28165,-7.19344,2025-08-11T02:00:00Z,2026-09-18T16:54:21Z,N20,h,74.8
d-0083,synthetic_fallback,,42.2481,-7.16743,2025-08-11T02:00:00Z,2026-09-18T16:54:21Z,N20,n,25.0
d-0084,synthetic_fallback,,42.38723,-7.36682,2025-08-11T02:00:00Z,2026-09-18T16:54:21Z,N20,n,69.4
d-0085,synthetic_fallback,,42.26099,-7.18277,2025-08-11T02:00:00Z,2026-09-18T16:54:21Z,N20,h,27.9
d-0086,synthetic_fallback,,42.38418,-7.31888,2025-08-11T02:00:00Z,2026-09-18T16:54:21Z,N20,h,19.5
d-0087,synthetic_fallback,,42.24785,-7.17895,2025-08-11T02:00:00Z,2026-09-18T16:54:21Z,N20,n,25.9
d-0088,synthetic_fallback,,42.36216,-7.25714,2025-08-11T02:00:00Z,2026-09-18T16:54:21Z,N20,n,45.2
d-0089,synthetic_fallback,,42.39002,-7.36397,2025-08-11T02:00:00Z,2026-09-18T16:54:21Z,N20,n,18.4
d-0090,synthetic_fallback,,42.3842,-7.30289,2025-08-11T02:00:00Z,2026-09-18T16:54:21Z,N20,h,37.6
d-0091,synthetic_fallback,,42.39816,-7.27347,2025-08-11T13:00:00Z,2026-09-18T16:54:21Z,N20,n,43.4
d-0092,synthetic_fallback,,42.33837,-7.18467,2025-08-11T13:00:00Z,2026-09-18T16:54:21Z,N20,h,58.2
d-0093,synthetic_fallback,,42.22865,-7.15465,2025-08-11T13:00:00Z,2026-09-18T16:54:21Z,N20,h,59.0
d-0094,synthetic_fallback,,42.31382,-7.15548,2025-08-11T13:00:00Z,2026-09-18T16:54:21Z,N20,h,10.2
d-0095,synthetic_fallback,,42.3948,-7.267,2025-08-11T13:00:00Z,2026-09-18T16:54:21Z,N20,h,68.6
d-0096,synthetic_fallback,,42.39975,-7.27938,2025-08-11T13:00:00Z,2026-09-18T16:54:21Z,N20,h,35.6
d-0097,synthetic_fallback,,42.39498,-7.28415,2025-08-11T13:00:00Z,2026-09-18T16:54:21Z,N20,h,36.5
d-0098,synthetic_fallback,,42.31312,-7.14978,2025-08-11T13:00:00Z,2026-09-18T16:54:21Z,N20,n,51.2
d-0099,synthetic_fallback,,42.34503,-7.19414,2025-08-11T13:00:00Z,2026-09-18T16:54:21Z,N20,h,26.5
d-0100,synthetic_fallback,,42.33791,-7.18289,2025-08-11T13:00:00Z,2026-09-18T16:54:21Z,N20,n,39.9
d-0101,synthetic_fallback,,42.40306,-7.31977,2025-08-11T13:00:00Z,2026-09-18T16:54:21Z,N20,h,72.6
d-0102,synthetic_fallback,,42.41147,-7.33883,2025-08-11T13:00:00Z,2026-09-18T16:54:21Z,N20,h,43.7
d-0103,synthetic_fallback,,42.39357,-7.26522,2025-08-11T13:00:00Z,2026-09-18T16:54:21Z,N20,n,61.3
d-0104,synthetic_fallback,,42.4064,-7.31371,2025-08-11T13:00:00Z,2026-09-18T16:54:21Z,N20,h,6.8
d-0105,synthetic_fallback,,42.36177,-7.21752,2025-08-11T13:00:00Z,2026-09-18T16:54:21Z,N20,n,10.5
d-0106,synthetic_fallback,,42.33243,-7.1499,2025-08-12T02:00:00Z,2026-09-18T16:54:21Z,N20,h,57.2
d-0107,synthetic_fallback,,42.41919,-7.29994,2025-08-12T02:00:00Z,2026-09-18T16:54:21Z,N20,n,5.4
d-0108,synthetic_fallback,,42.28495,-7.11677,2025-08-12T02:00:00Z,2026-09-18T16:54:21Z,N20,h,36.9
d-0109,synthetic_fallback,,42.21468,-7.12856,2025-08-12T02:00:00Z,2026-09-18T16:54:21Z,N20,h,8.8
d-0110,synthetic_fallback,,42.25454,-7.12346,2025-08-12T02:00:00Z,2026-09-18T16:54:21Z,N20,h,65.1
d-0111,synthetic_fallback,,42.20191,-7.12,2025-08-12T02:00:00Z,2026-09-18T16:54:21Z,N20,h,76.3
d-0112,synthetic_fallback,,42.3424,-7.14435,2025-08-12T02:00:00Z,2026-09-18T16:54:21Z,N20,n,42.9
d-0113,synthetic_fallback,,42.36241,-7.16528,2025-08-12T02:00:00Z,2026-09-18T16:54:21Z,N20,n,60.8
d-0114,synthetic_fallback,,42.41735,-7.2926,2025-08-12T02:00:00Z,2026-09-18T16:54:21Z,N20,h,52.8
d-0115,synthetic_fallback,,42.36946,-7.17557,2025-08-12T02:00:00Z,2026-09-18T16:54:21Z,N20,n,25.6
d-0116,synthetic_fallback,,42.40757,-7.28294,2025-08-12T02:00:00Z,2026-09-18T16:54:21Z,N20,h,29.0
d-0117,synthetic_fallback,,42.42552,-7.35315,2025-08-12T02:00:00Z,2026-09-18T16:54:21Z,N20,h,57.0
d-0118,synthetic_fallback,,42.42709,-7.39157,2025-08-12T02:00:00Z,2026-09-18T16:54:21Z,N20,h,45.7
d-0119,synthetic_fallback,,42.42073,-7.31879,2025-08-12T02:00:00Z,2026-09-18T16:54:21Z,N20,h,72.9
d-0120,synthetic_fallback,,42.31136,-7.13186,2025-08-12T02:00:00Z,2026-09-18T16:54:21Z,N20,n,62.4
d-0121,synthetic_fallback,,42.4172,-7.41943,2025-08-12T13:00:00Z,2026-09-18T16:54:21Z,N20,h,61.5
d-0122,synthetic_fallback,,42.21428,-7.11195,2025-08-12T13:00:00Z,2026-09-18T16:54:21Z,N20,h,61.1
d-0123,synthetic_fallback,,42.34219,-7.15407,2025-08-12T13:00:00Z,2026-09-18T16:54:21Z,N20,h,21.5
d-0124,synthetic_fallback,,42.4201,-7.40833,2025-08-12T13:00:00Z,2026-09-18T16:54:21Z,N20,h,55.9
d-0125,synthetic_fallback,,42.42252,-7.33978,2025-08-12T13:00:00Z,2026-09-18T16:54:21Z,N20,h,14.6
d-0126,synthetic_fallback,,42.42323,-7.41028,2025-08-12T13:00:00Z,2026-09-18T16:54:21Z,N20,h,47.3
d-0127,synthetic_fallback,,42.32492,-7.15511,2025-08-12T13:00:00Z,2026-09-18T16:54:21Z,N20,h,39.6
d-0128,synthetic_fallback,,42.39296,-7.24198,2025-08-12T13:00:00Z,2026-09-18T16:54:21Z,N20,h,29.5
d-0129,synthetic_fallback,,42.40396,-7.23316,2025-08-12T13:00:00Z,2026-09-18T16:54:21Z,N20,n,67.4
d-0130,synthetic_fallback,,42.41969,-7.38142,2025-08-12T13:00:00Z,2026-09-18T16:54:21Z,N20,h,45.5
d-0131,synthetic_fallback,,42.41322,-7.24389,2025-08-12T13:00:00Z,2026-09-18T16:54:21Z,N20,n,63.6
d-0132,synthetic_fallback,,42.29045,-7.12102,2025-08-12T13:00:00Z,2026-09-18T16:54:21Z,N20,n,20.0
d-0133,synthetic_fallback,,42.41596,-7.34671,2025-08-12T13:00:00Z,2026-09-18T16:54:21Z,N20,h,55.2
d-0134,synthetic_fallback,,42.42258,-7.31256,2025-08-12T13:00:00Z,2026-09-18T16:54:21Z,N20,n,62.5
d-0135,synthetic_fallback,,42.33731,-7.16079,2025-08-12T13:00:00Z,2026-09-18T16:54:21Z,N20,n,13.6
d-0136,synthetic_fallback,,42.21006,-7.11382,2025-08-13T02:00:00Z,2026-09-18T16:54:21Z,N20,h,6.9
d-0137,synthetic_fallback,,42.31578,-7.14149,2025-08-13T02:00:00Z,2026-09-18T16:54:21Z,N20,n,34.7
d-0138,synthetic_fallback,,42.42776,-7.3855,2025-08-13T02:00:00Z,2026-09-18T16:54:21Z,N20,n,52.0
d-0139,synthetic_fallback,,42.28157,-7.13193,2025-08-13T02:00:00Z,2026-09-18T16:54:21Z,N20,n,50.0
d-0140,synthetic_fallback,,42.20567,-7.13243,2025-08-13T02:00:00Z,2026-09-18T16:54:21Z,N20,n,31.0
d-0141,synthetic_fallback,,42.40041,-7.24104,2025-08-13T02:00:00Z,2026-09-18T16:54:21Z,N20,h,30.6
d-0142,synthetic_fallback,,42.26522,-7.10999,2025-08-13T02:00:00Z,2026-09-18T16:54:21Z,N20,h,77.1
d-0143,synthetic_fallback,,42.26239,-7.11483,2025-08-13T02:00:00Z,2026-09-18T16:54:21Z,N20,n,37.7
d-0144,synthetic_fallback,,42.21007,-7.11594,2025-08-13T02:00:00Z,2026-09-18T16:54:21Z,N20,h,65.6
d-0145,synthetic_fallback,,42.37688,-7.19325,2025-08-13T02:00:00Z,2026-09-18T16:54:21Z,N20,h,59.8
d-0146,synthetic_fallback,,42.25332,-7.12291,2025-08-13T02:00:00Z,2026-09-18T16:54:21Z,N20,n,11.5
d-0147,synthetic_fallback,,42.42596,-7.29767,2025-08-13T02:00:00Z,2026-09-18T16:54:21Z,N20,h,50.8
d-0148,synthetic_fallback,,42.41908,-7.40822,2025-08-13T02:00:00Z,2026-09-18T16:54:21Z,N20,n,18.6
d-0149,synthetic_fallback,,42.27287,-7.127,2025-08-13T02:00:00Z,2026-09-18T16:54:21Z,N20,h,71.0
d-0150,synthetic_fallback,,42.41933,-7.28257,2025-08-13T02:00:00Z,2026-09-18T16:54:21Z,N20,h,76.1
d-0151,synthetic_fallback,,42.29975,-7.13906,2025-08-13T13:00:00Z,2026-09-18T16:54:21Z,N20,h,61.9
d-0152,synthetic_fallback,,42.3294,-7.14006,2025-08-13T13:00:00Z,2026-09-18T16:54:21Z,N20,h,64.5
d-0153,synthetic_fallback,,42.41402,-7.31304,2025-08-13T13:00:00Z,2026-09-18T16:54:21Z,N20,n,28.0
d-0154,synthetic_fallback,,42.38008,-7.19641,2025-08-13T13:00:00Z,2026-09-18T16:54:21Z,N20,h,36.9
d-0155,synthetic_fallback,,42.41239,-7.25572,2025-08-13T13:00:00Z,2026-09-18T16:54:21Z,N20,n,25.3
d-0156,synthetic_fallback,,42.42039,-7.36216,2025-08-13T13:00:00Z,2026-09-18T16:54:21Z,N20,h,14.0
d-0157,synthetic_fallback,,42.28701,-7.12278,2025-08-13T13:00:00Z,2026-09-18T16:54:21Z,N20,h,21.2
d-0158,synthetic_fallback,,42.30041,-7.12915,2025-08-13T13:00:00Z,2026-09-18T16:54:21Z,N20,n,44.3
d-0159,synthetic_fallback,,42.42073,-7.37221,2025-08-13T13:00:00Z,2026-09-18T16:54:21Z,N20,h,22.1
d-0160,synthetic_fallback,,42.41441,-7.41426,2025-08-13T13:00:00Z,2026-09-18T16:54:21Z,N20,h,25.6
d-0161,synthetic_fallback,,42.36236,-7.16073,2025-08-13T13:00:00Z,2026-09-18T16:54:21Z,N20,n,14.5
d-0162,synthetic_fallback,,42.37923,-7.18493,2025-08-13T13:00:00Z,2026-09-18T16:54:21Z,N20,n,48.1
d-0163,synthetic_fallback,,42.38648,-7.21102,2025-08-13T13:00:00Z,2026-09-18T16:54:21Z,N20,h,8.9
d-0164,synthetic_fallback,,42.38371,-7.1888,2025-08-13T13:00:00Z,2026-09-18T16:54:21Z,N20,n,35.1
d-0165,synthetic_fallback,,42.32953,-7.1572,2025-08-13T13:00:00Z,2026-09-18T16:54:21Z,N20,h,16.2
d-0166,synthetic_fallback,,42.3402,-7.16242,2025-08-13T13:00:00Z,2026-09-18T16:54:21Z,N20,n,13.9
d-0167,synthetic_fallback,,42.34323,-7.16472,2025-08-13T13:00:00Z,2026-09-18T16:54:21Z,N20,n,21.9
d-0168,synthetic_fallback,,42.34073,-7.16222,2025-08-13T13:00:00Z,2026-09-18T16:54:21Z,N20,h,69.5
d-0169,synthetic_fallback,,42.34102,-7.17184,2025-08-13T13:00:00Z,2026-09-18T16:54:21Z,N20,n,50.7
d-0170,synthetic_fallback,,42.34429,-7.16064,2025-08-13T13:00:00Z,2026-09-18T16:54:21Z,N20,h,20.8
d-0171,synthetic_fallback,,42.33944,-7.16383,2025-08-13T13:00:00Z,2026-09-18T16:54:21Z,N20,h,10.6
d-0172,synthetic_fallback,,42.34147,-7.1614,2025-08-13T13:00:00Z,2026-09-18T16:54:21Z,N20,n,39.1
d-0173,synthetic_fallback,,42.34333,-7.16072,2025-08-13T13:00:00Z,2026-09-18T16:54:21Z,N20,n,51.9
d-0174,synthetic_fallback,,42.34287,-7.16054,2025-08-13T13:00:00Z,2026-09-18T16:54:21Z,N20,h,45.8
d-0175,synthetic_fallback,,42.34261,-7.16068,2025-08-13T13:00:00Z,2026-09-18T16:54:21Z,N20,n,10.4
d-0176,synthetic_fallback,,42.33953,-7.16235,2025-08-13T13:00:00Z,2026-09-18T16:54:21Z,N20,n,57.5
d-0177,synthetic_fallback,,42.34399,-7.16932,2025-08-13T13:00:00Z,2026-09-18T16:54:21Z,N20,h,11.0
d-0178,synthetic_fallback,,42.34067,-7.16226,2025-08-13T13:00:00Z,2026-09-18T16:54:21Z,N20,h,23.8
d-0179,synthetic_fallback,,42.21354,-7.13092,2025-08-14T02:00:00Z,2026-09-18T16:54:21Z,N20,n,48.1
d-0180,synthetic_fallback,,42.19625,-7.11486,2025-08-14T02:00:00Z,2026-09-18T16:54:21Z,N20,n,25.2
d-0181,synthetic_fallback,,42.28701,-7.13518,2025-08-14T02:00:00Z,2026-09-18T16:54:21Z,N20,h,53.9
d-0182,synthetic_fallback,,42.43103,-7.33004,2025-08-14T02:00:00Z,2026-09-18T16:54:21Z,N20,h,52.6
d-0183,synthetic_fallback,,42.42426,-7.3772,2025-08-14T02:00:00Z,2026-09-18T16:54:21Z,N20,h,30.0
d-0184,synthetic_fallback,,42.25135,-7.11303,2025-08-14T02:00:00Z,2026-09-18T16:54:21Z,N20,h,57.0
d-0185,synthetic_fallback,,42.21897,-7.12484,2025-08-14T02:00:00Z,2026-09-18T16:54:21Z,N20,n,46.3
d-0186,synthetic_fallback,,42.41009,-7.26625,2025-08-14T02:00:00Z,2026-09-18T16:54:21Z,N20,h,77.8
d-0187,synthetic_fallback,,42.36692,-7.18438,2025-08-14T02:00:00Z,2026-09-18T16:54:21Z,N20,n,54.3
d-0188,synthetic_fallback,,42.39362,-7.22115,2025-08-14T02:00:00Z,2026-09-18T16:54:21Z,N20,h,32.1
d-0189,synthetic_fallback,,42.3369,-7.14376,2025-08-14T02:00:00Z,2026-09-18T16:54:21Z,N20,n,20.3
d-0190,synthetic_fallback,,42.22484,-7.1174,2025-08-14T02:00:00Z,2026-09-18T16:54:21Z,N20,h,57.4
d-0191,synthetic_fallback,,42.20945,-7.13128,2025-08-14T02:00:00Z,2026-09-18T16:54:21Z,N20,n,22.9
d-0192,synthetic_fallback,,42.35394,-7.17705,2025-08-14T02:00:00Z,2026-09-18T16:54:21Z,N20,h,12.0
d-0193,synthetic_fallback,,42.22974,-7.10594,2025-08-14T02:00:00Z,2026-09-18T16:54:21Z,N20,h,13.8
d-0194,synthetic_fallback,,42.36039,-7.2082,2025-08-14T02:00:00Z,2026-09-18T16:54:21Z,N20,n,43.2
d-0195,synthetic_fallback,,42.36916,-7.17424,2025-08-14T02:00:00Z,2026-09-18T16:54:21Z,N20,n,23.3
d-0196,synthetic_fallback,,42.34993,-7.20681,2025-08-14T02:00:00Z,2026-09-18T16:54:21Z,N20,n,43.1
d-0197,synthetic_fallback,,42.38021,-7.17593,2025-08-14T02:00:00Z,2026-09-18T16:54:21Z,N20,h,64.3
d-0198,synthetic_fallback,,42.37323,-7.16623,2025-08-14T02:00:00Z,2026-09-18T16:54:21Z,N20,h,66.5
d-0199,synthetic_fallback,,42.34316,-7.20195,2025-08-14T02:00:00Z,2026-09-18T16:54:21Z,N20,h,79.9
d-0200,synthetic_fallback,,42.33264,-7.20613,2025-08-14T02:00:00Z,2026-09-18T16:54:21Z,N20,h,30.9
d-0201,synthetic_fallback,,42.36075,-7.19981,2025-08-14T02:00:00Z,2026-09-18T16:54:21Z,N20,h,29.1
d-0202,synthetic_fallback,,42.36375,-7.18362,2025-08-14T02:00:00Z,2026-09-18T16:54:21Z,N20,h,22.5
d-0203,synthetic_fallback,,42.32322,-7.20916,2025-08-14T02:00:00Z,2026-09-18T16:54:21Z,N20,n,57.9
d-0204,synthetic_fallback,,42.35142,-7.21282,2025-08-14T02:00:00Z,2026-09-18T16:54:21Z,N20,n,66.6
d-0205,synthetic_fallback,,42.36148,-7.21153,2025-08-14T02:00:00Z,2026-09-18T16:54:21Z,N20,h,42.7
d-0206,synthetic_fallback,,42.37534,-7.17339,2025-08-14T02:00:00Z,2026-09-18T16:54:21Z,N20,n,38.0
d-0207,synthetic_fallback,,42.35492,-7.20365,2025-08-14T02:00:00Z,2026-09-18T16:54:21Z,N20,n,35.7
d-0208,synthetic_fallback,,42.33246,-7.21019,2025-08-14T02:00:00Z,2026-09-18T16:54:21Z,N20,h,77.7
d-0209,synthetic_fallback,,42.31072,-7.13793,2025-08-14T13:00:00Z,2026-09-18T16:54:21Z,N20,n,68.9
d-0210,synthetic_fallback,,42.25083,-7.10858,2025-08-14T13:00:00Z,2026-09-18T16:54:21Z,N20,h,28.7
d-0211,synthetic_fallback,,42.28881,-7.11879,2025-08-14T13:00:00Z,2026-09-18T16:54:21Z,N20,n,7.7
d-0212,synthetic_fallback,,42.32894,-7.15691,2025-08-14T13:00:00Z,2026-09-18T16:54:21Z,N20,n,79.8
d-0213,synthetic_fallback,,42.39194,-7.20955,2025-08-14T13:00:00Z,2026-09-18T16:54:21Z,N20,h,52.5
d-0214,synthetic_fallback,,42.39142,-7.20364,2025-08-14T13:00:00Z,2026-09-18T16:54:21Z,N20,n,72.8
d-0215,synthetic_fallback,,42.273,-7.13112,2025-08-14T13:00:00Z,2026-09-18T16:54:21Z,N20,h,33.1
d-0216,synthetic_fallback,,42.35928,-7.18351,2025-08-14T13:00:00Z,2026-09-18T16:54:21Z,N20,h,64.4
d-0217,synthetic_fallback,,42.41812,-7.38268,2025-08-14T13:00:00Z,2026-09-18T16:54:21Z,N20,n,51.5
d-0218,synthetic_fallback,,42.23089,-7.12412,2025-08-14T13:00:00Z,2026-09-18T16:54:21Z,N20,h,39.6
d-0219,synthetic_fallback,,42.41393,-7.29594,2025-08-14T13:00:00Z,2026-09-18T16:54:21Z,N20,h,65.3
d-0220,synthetic_fallback,,42.31992,-7.1283,2025-08-14T13:00:00Z,2026-09-18T16:54:21Z,N20,h,38.1
d-0221,synthetic_fallback,,42.34511,-7.16252,2025-08-14T13:00:00Z,2026-09-18T16:54:21Z,N20,n,36.8
d-0222,synthetic_fallback,,42.25566,-7.12352,2025-08-14T13:00:00Z,2026-09-18T16:54:21Z,N20,h,33.9
d-0223,synthetic_fallback,,42.41961,-7.30336,2025-08-14T13:00:00Z,2026-09-18T16:54:21Z,N20,h,48.1
d-0224,synthetic_fallback,,42.34692,-7.25915,2025-08-14T13:00:00Z,2026-09-18T16:54:21Z,N20,n,54.4
d-0225,synthetic_fallback,,42.37728,-7.22482,2025-08-14T13:00:00Z,2026-09-18T16:54:21Z,N20,n,60.9
d-0226,synthetic_fallback,,42.37845,-7.21629,2025-08-14T13:00:00Z,2026-09-18T16:54:21Z,N20,h,72.8
d-0227,synthetic_fallback,,42.39558,-7.19372,2025-08-14T13:00:00Z,2026-09-18T16:54:21Z,N20,n,31.4
d-0228,synthetic_fallback,,42.38709,-7.22489,2025-08-14T13:00:00Z,2026-09-18T16:54:21Z,N20,n,59.1
d-0229,synthetic_fallback,,42.40377,-7.19041,2025-08-14T13:00:00Z,2026-09-18T16:54:21Z,N20,n,72.8
d-0230,synthetic_fallback,,42.34826,-7.25048,2025-08-14T13:00:00Z,2026-09-18T16:54:21Z,N20,h,48.5
d-0231,synthetic_fallback,,42.31732,-7.24804,2025-08-14T13:00:00Z,2026-09-18T16:54:21Z,N20,h,61.1
d-0232,synthetic_fallback,,42.32558,-7.23727,2025-08-14T13:00:00Z,2026-09-18T16:54:21Z,N20,h,77.9
d-0233,synthetic_fallback,,42.40424,-7.17594,2025-08-14T13:00:00Z,2026-09-18T16:54:21Z,N20,n,24.3
d-0234,synthetic_fallback,,42.37292,-7.24451,2025-08-14T13:00:00Z,2026-09-18T16:54:21Z,N20,n,61.0
d-0235,synthetic_fallback,,42.32274,-7.24034,2025-08-14T13:00:00Z,2026-09-18T16:54:21Z,N20,n,15.6
d-0236,synthetic_fallback,,42.41002,-7.1886,2025-08-14T13:00:00Z,2026-09-18T16:54:21Z,N20,n,78.5
d-0237,synthetic_fallback,,42.40711,-7.19943,2025-08-14T13:00:00Z,2026-09-18T16:54:21Z,N20,h,64.3
d-0238,synthetic_fallback,,42.37162,-7.22256,2025-08-14T13:00:00Z,2026-09-18T16:54:21Z,N20,h,55.5
d-0239,synthetic_fallback,,42.34938,-7.15684,2025-08-15T02:00:00Z,2026-09-18T16:54:21Z,N20,n,75.5
d-0240,synthetic_fallback,,42.41334,-7.30711,2025-08-15T02:00:00Z,2026-09-18T16:54:21Z,N20,h,71.3
d-0241,synthetic_fallback,,42.2295,-7.11647,2025-08-15T02:00:00Z,2026-09-18T16:54:21Z,N20,h,9.7
d-0242,synthetic_fallback,,42.23137,-7.10987,2025-08-15T02:00:00Z,2026-09-18T16:54:21Z,N20,h,35.6
d-0243,synthetic_fallback,,42.21899,-7.12848,2025-08-15T02:00:00Z,2026-09-18T16:54:21Z,N20,h,41.9
d-0244,synthetic_fallback,,42.24033,-7.12691,2025-08-15T02:00:00Z,2026-09-18T16:54:21Z,N20,h,39.0
d-0245,synthetic_fallback,,42.29463,-7.12207,2025-08-15T02:00:00Z,2026-09-18T16:54:21Z,N20,n,36.4
d-0246,synthetic_fallback,,42.42887,-7.34458,2025-08-15T02:00:00Z,2026-09-18T16:54:21Z,N20,h,12.4
d-0247,synthetic_fallback,,42.39392,-7.22405,2025-08-15T02:00:00Z,2026-09-18T16:54:21Z,N20,n,7.5
d-0248,synthetic_fallback,,42.38441,-7.21134,2025-08-15T02:00:00Z,2026-09-18T16:54:21Z,N20,n,69.2
d-0249,synthetic_fallback,,42.31148,-7.14463,2025-08-15T02:00:00Z,2026-09-18T16:54:21Z,N20,h,78.3
d-0250,synthetic_fallback,,42.39402,-7.23002,2025-08-15T02:00:00Z,2026-09-18T16:54:21Z,N20,h,14.2
d-0251,synthetic_fallback,,42.38837,-7.19949,2025-08-15T02:00:00Z,2026-09-18T16:54:21Z,N20,n,53.1
d-0252,synthetic_fallback,,42.42234,-7.41299,2025-08-15T02:00:00Z,2026-09-18T16:54:21Z,N20,n,23.3
d-0253,synthetic_fallback,,42.34965,-7.17352,2025-08-15T02:00:00Z,2026-09-18T16:54:21Z,N20,h,62.4
d-0254,synthetic_fallback,,42.33319,-7.28759,2025-08-15T02:00:00Z,2026-09-18T16:54:21Z,N20,n,29.6
d-0255,synthetic_fallback,,42.43146,-7.1862,2025-08-15T02:00:00Z,2026-09-18T16:54:21Z,N20,h,69.4
d-0256,synthetic_fallback,,42.3167,-7.28239,2025-08-15T02:00:00Z,2026-09-18T16:54:21Z,N20,h,18.1
d-0257,synthetic_fallback,,42.29345,-7.28383,2025-08-15T02:00:00Z,2026-09-18T16:54:21Z,N20,h,64.2
d-0258,synthetic_fallback,,42.35457,-7.28717,2025-08-15T02:00:00Z,2026-09-18T16:54:21Z,N20,h,8.9
d-0259,synthetic_fallback,,42.39687,-7.27813,2025-08-15T02:00:00Z,2026-09-18T16:54:21Z,N20,n,40.7
d-0260,synthetic_fallback,,42.39485,-7.28091,2025-08-15T02:00:00Z,2026-09-18T16:54:21Z,N20,h,42.8
d-0261,synthetic_fallback,,42.2947,-7.29234,2025-08-15T02:00:00Z,2026-09-18T16:54:21Z,N20,n,70.0
d-0262,synthetic_fallback,,42.38223,-7.28299,2025-08-15T02:00:00Z,2026-09-18T16:54:21Z,N20,n,9.6
d-0263,synthetic_fallback,,42.37098,-7.28788,2025-08-15T02:00:00Z,2026-09-18T16:54:21Z,N20,n,41.8
d-0264,synthetic_fallback,,42.30119,-7.29514,2025-08-15T02:00:00Z,2026-09-18T16:54:21Z,N20,h,50.6
d-0265,synthetic_fallback,,42.34475,-7.28432,2025-08-15T02:00:00Z,2026-09-18T16:54:21Z,N20,n,46.1
d-0266,synthetic_fallback,,42.43667,-7.16147,2025-08-15T02:00:00Z,2026-09-18T16:54:21Z,N20,h,39.0
d-0267,synthetic_fallback,,42.30833,-7.29074,2025-08-15T02:00:00Z,2026-09-18T16:54:21Z,N20,n,69.0
d-0268,synthetic_fallback,,42.43075,-7.22463,2025-08-15T02:00:00Z,2026-09-18T16:54:21Z,N20,n,21.1
d-0269,synthetic_fallback,,42.41979,-7.30785,2025-08-15T13:00:00Z,2026-09-18T16:54:21Z,N20,h,39.0
d-0270,synthetic_fallback,,42.423,-7.37513,2025-08-15T13:00:00Z,2026-09-18T16:54:21Z,N20,h,54.9
d-0271,synthetic_fallback,,42.4223,-7.34608,2025-08-15T13:00:00Z,2026-09-18T16:54:21Z,N20,n,10.0
d-0272,synthetic_fallback,,42.43042,-7.37674,2025-08-15T13:00:00Z,2026-09-18T16:54:21Z,N20,h,60.4
d-0273,synthetic_fallback,,42.35962,-7.16285,2025-08-15T13:00:00Z,2026-09-18T16:54:21Z,N20,h,47.1
d-0274,synthetic_fallback,,42.4218,-7.36139,2025-08-15T13:00:00Z,2026-09-18T16:54:21Z,N20,h,54.9
d-0275,synthetic_fallback,,42.2474,-7.11097,2025-08-15T13:00:00Z,2026-09-18T16:54:21Z,N20,n,77.6
d-0276,synthetic_fallback,,42.40653,-7.24755,2025-08-15T13:00:00Z,2026-09-18T16:54:21Z,N20,h,21.0
d-0277,synthetic_fallback,,42.42374,-7.30893,2025-08-15T13:00:00Z,2026-09-18T16:54:21Z,N20,h,68.4
d-0278,synthetic_fallback,,42.28616,-7.12671,2025-08-15T13:00:00Z,2026-09-18T16:54:21Z,N20,h,65.5
d-0279,synthetic_fallback,,42.20622,-7.11424,2025-08-15T13:00:00Z,2026-09-18T16:54:21Z,N20,n,51.0
d-0280,synthetic_fallback,,42.42353,-7.41075,2025-08-15T13:00:00Z,2026-09-18T16:54:21Z,N20,n,67.2
d-0281,synthetic_fallback,,42.4195,-7.33244,2025-08-15T13:00:00Z,2026-09-18T16:54:21Z,N20,n,28.2
d-0282,synthetic_fallback,,42.41651,-7.41908,2025-08-15T13:00:00Z,2026-09-18T16:54:21Z,N20,n,47.5
d-0283,synthetic_fallback,,42.42297,-7.35148,2025-08-15T13:00:00Z,2026-09-18T16:54:21Z,N20,n,7.3
d-0284,synthetic_fallback,,42.33009,-7.34068,2025-08-15T13:00:00Z,2026-09-18T16:54:21Z,N20,h,30.6
d-0285,synthetic_fallback,,42.44611,-7.25489,2025-08-15T13:00:00Z,2026-09-18T16:54:21Z,N20,n,47.6
d-0286,synthetic_fallback,,42.29087,-7.31107,2025-08-15T13:00:00Z,2026-09-18T16:54:21Z,N20,h,51.3
d-0287,synthetic_fallback,,42.346,-7.33926,2025-08-15T13:00:00Z,2026-09-18T16:54:21Z,N20,n,41.4
d-0288,synthetic_fallback,,42.3461,-7.3336,2025-08-15T13:00:00Z,2026-09-18T16:54:21Z,N20,n,13.5
d-0289,synthetic_fallback,,42.34879,-7.3331,2025-08-15T13:00:00Z,2026-09-18T16:54:21Z,N20,n,41.5
d-0290,synthetic_fallback,,42.28483,-7.32292,2025-08-15T13:00:00Z,2026-09-18T16:54:21Z,N20,h,49.9
d-0291,synthetic_fallback,,42.35285,-7.32231,2025-08-15T13:00:00Z,2026-09-18T16:54:21Z,N20,h,15.3
d-0292,synthetic_fallback,,42.36026,-7.32705,2025-08-15T13:00:00Z,2026-09-18T16:54:21Z,N20,h,61.0
d-0293,synthetic_fallback,,42.3732,-7.32121,2025-08-15T13:00:00Z,2026-09-18T16:54:21Z,N20,n,42.5
d-0294,synthetic_fallback,,42.46447,-7.23252,2025-08-15T13:00:00Z,2026-09-18T16:54:21Z,N20,h,69.6
d-0295,synthetic_fallback,,42.28344,-7.30506,2025-08-15T13:00:00Z,2026-09-18T16:54:21Z,N20,n,69.7
d-0296,synthetic_fallback,,42.42193,-7.29814,2025-08-15T13:00:00Z,2026-09-18T16:54:21Z,N20,n,36.3
d-0297,synthetic_fallback,,42.28331,-7.30697,2025-08-15T13:00:00Z,2026-09-18T16:54:21Z,N20,h,65.1
d-0298,synthetic_fallback,,42.46355,-7.22148,2025-08-15T13:00:00Z,2026-09-18T16:54:21Z,N20,n,11.6
d-0299,synthetic_fallback,,42.42536,-7.29818,2025-08-16T02:00:00Z,2026-09-18T16:54:21Z,N20,h,44.3
d-0300,synthetic_fallback,,42.40972,-7.26879,2025-08-16T02:00:00Z,2026-09-18T16:54:21Z,N20,h,30.0
d-0301,synthetic_fallback,,42.36511,-7.18997,2025-08-16T02:00:00Z,2026-09-18T16:54:21Z,N20,h,43.2
d-0302,synthetic_fallback,,42.41182,-7.24521,2025-08-16T02:00:00Z,2026-09-18T16:54:21Z,N20,n,66.4
d-0303,synthetic_fallback,,42.4255,-7.30196,2025-08-16T02:00:00Z,2026-09-18T16:54:21Z,N20,h,19.8
d-0304,synthetic_fallback,,42.28802,-7.12144,2025-08-16T02:00:00Z,2026-09-18T16:54:21Z,N20,n,18.3
d-0305,synthetic_fallback,,42.37712,-7.18533,2025-08-16T02:00:00Z,2026-09-18T16:54:21Z,N20,n,62.0
d-0306,synthetic_fallback,,42.22636,-7.11962,2025-08-16T02:00:00Z,2026-09-18T16:54:21Z,N20,h,52.6
d-0307,synthetic_fallback,,42.24884,-7.11405,2025-08-16T02:00:00Z,2026-09-18T16:54:21Z,N20,n,16.3
d-0308,synthetic_fallback,,42.38041,-7.21636,2025-08-16T02:00:00Z,2026-09-18T16:54:21Z,N20,h,25.6
d-0309,synthetic_fallback,,42.36454,-7.193,2025-08-16T02:00:00Z,2026-09-18T16:54:21Z,N20,h,38.9
d-0310,synthetic_fallback,,42.26034,-7.1287,2025-08-16T02:00:00Z,2026-09-18T16:54:21Z,N20,h,69.8
d-0311,synthetic_fallback,,42.34128,-7.14446,2025-08-16T02:00:00Z,2026-09-18T16:54:21Z,N20,h,39.7
d-0312,synthetic_fallback,,42.27609,-7.11929,2025-08-16T02:00:00Z,2026-09-18T16:54:21Z,N20,n,38.7
d-0313,synthetic_fallback,,42.32833,-7.13607,2025-08-16T02:00:00Z,2026-09-18T16:54:21Z,N20,h,40.7
d-0314,synthetic_fallback,,42.27906,-7.35756,2025-08-16T02:00:00Z,2026-09-18T16:54:21Z,N20,h,72.4
d-0315,synthetic_fallback,,42.47359,-7.28353,2025-08-16T02:00:00Z,2026-09-18T16:54:21Z,N20,h,17.9
d-0316,synthetic_fallback,,42.40115,-7.36018,2025-08-16T02:00:00Z,2026-09-18T16:54:21Z,N20,h,44.2
d-0317,synthetic_fallback,,42.38013,-7.36742,2025-08-16T02:00:00Z,2026-09-18T16:54:21Z,N20,h,35.7
d-0318,synthetic_fallback,,42.44753,-7.32347,2025-08-16T02:00:00Z,2026-09-18T16:54:21Z,N20,n,53.5
d-0319,synthetic_fallback,,42.28967,-7.36078,2025-08-16T02:00:00Z,2026-09-18T16:54:21Z,N20,n,26.3
d-0320,synthetic_fallback,,42.46673,-7.31059,2025-08-16T02:00:00Z,2026-09-18T16:54:21Z,N20,n,70.5
d-0321,synthetic_fallback,,42.44358,-7.32791,2025-08-16T02:00:00Z,2026-09-18T16:54:21Z,N20,h,31.2
d-0322,synthetic_fallback,,42.47954,-7.29847,2025-08-16T02:00:00Z,2026-09-18T16:54:21Z,N20,h,49.6
d-0323,synthetic_fallback,,42.36123,-7.39157,2025-08-16T02:00:00Z,2026-09-18T16:54:21Z,N20,h,64.4
d-0324,synthetic_fallback,,42.47108,-7.30705,2025-08-16T02:00:00Z,2026-09-18T16:54:21Z,N20,n,60.4
d-0325,synthetic_fallback,,42.4317,-7.35043,2025-08-16T02:00:00Z,2026-09-18T16:54:21Z,N20,n,36.8
d-0326,synthetic_fallback,,42.37767,-7.37335,2025-08-16T02:00:00Z,2026-09-18T16:54:21Z,N20,h,21.1
d-0327,synthetic_fallback,,42.4218,-7.3658,2025-08-16T02:00:00Z,2026-09-18T16:54:21Z,N20,h,15.3
d-0328,synthetic_fallback,,42.48869,-7.22814,2025-08-16T02:00:00Z,2026-09-18T16:54:21Z,N20,h,62.8
d-0329,synthetic_fallback,,42.24135,-7.10894,2025-08-16T13:00:00Z,2026-09-18T16:54:21Z,N20,h,30.3
d-0330,synthetic_fallback,,42.42964,-7.35683,2025-08-16T13:00:00Z,2026-09-18T16:54:21Z,N20,h,17.2
d-0331,synthetic_fallback,,42.28486,-7.11475,2025-08-16T13:00:00Z,2026-09-18T16:54:21Z,N20,n,17.4
d-0332,synthetic_fallback,,42.39257,-7.2236,2025-08-16T13:00:00Z,2026-09-18T16:54:21Z,N20,n,22.8
d-0333,synthetic_fallback,,42.41389,-7.28036,2025-08-16T13:00:00Z,2026-09-18T16:54:21Z,N20,n,38.7
d-0334,synthetic_fallback,,42.41214,-7.26789,2025-08-16T13:00:00Z,2026-09-18T16:54:21Z,N20,n,40.2
d-0335,synthetic_fallback,,42.4073,-7.2374,2025-08-16T13:00:00Z,2026-09-18T16:54:21Z,N20,n,78.8
d-0336,synthetic_fallback,,42.41458,-7.28174,2025-08-16T13:00:00Z,2026-09-18T16:54:21Z,N20,h,44.6
d-0337,synthetic_fallback,,42.26758,-7.10749,2025-08-16T13:00:00Z,2026-09-18T16:54:21Z,N20,n,15.4
d-0338,synthetic_fallback,,42.3273,-7.15067,2025-08-16T13:00:00Z,2026-09-18T16:54:21Z,N20,n,46.6
d-0339,synthetic_fallback,,42.25529,-7.12708,2025-08-16T13:00:00Z,2026-09-18T16:54:21Z,N20,n,26.4
d-0340,synthetic_fallback,,42.4208,-7.28383,2025-08-16T13:00:00Z,2026-09-18T16:54:21Z,N20,n,16.1
d-0341,synthetic_fallback,,42.21812,-7.12135,2025-08-16T13:00:00Z,2026-09-18T16:54:21Z,N20,h,38.8
d-0342,synthetic_fallback,,42.4184,-7.40907,2025-08-16T13:00:00Z,2026-09-18T16:54:21Z,N20,h,42.7
d-0343,synthetic_fallback,,42.20139,-7.13098,2025-08-16T13:00:00Z,2026-09-18T16:54:21Z,N20,h,7.1
d-0344,synthetic_fallback,,42.53062,-7.25059,2025-08-16T13:00:00Z,2026-09-18T16:54:21Z,N20,n,64.4
d-0345,synthetic_fallback,,42.35421,-7.41328,2025-08-16T13:00:00Z,2026-09-18T16:54:21Z,N20,n,57.2
d-0346,synthetic_fallback,,42.49307,-7.30727,2025-08-16T13:00:00Z,2026-09-18T16:54:21Z,N20,h,5.4
d-0347,synthetic_fallback,,42.34204,-7.41255,2025-08-16T13:00:00Z,2026-09-18T16:54:21Z,N20,n,46.2
d-0348,synthetic_fallback,,42.44877,-7.38458,2025-08-16T13:00:00Z,2026-09-18T16:54:21Z,N20,h,26.6
d-0349,synthetic_fallback,,42.26138,-7.39487,2025-08-16T13:00:00Z,2026-09-18T16:54:21Z,N20,h,64.5
d-0350,synthetic_fallback,,42.28414,-7.4105,2025-08-16T13:00:00Z,2026-09-18T16:54:21Z,N20,n,49.8
d-0351,synthetic_fallback,,42.43771,-7.37358,2025-08-16T13:00:00Z,2026-09-18T16:54:21Z,N20,h,15.8
d-0352,synthetic_fallback,,42.47336,-7.34891,2025-08-16T13:00:00Z,2026-09-18T16:54:21Z,N20,h,36.2
d-0353,synthetic_fallback,,42.27316,-7.41088,2025-08-16T13:00:00Z,2026-09-18T16:54:21Z,N20,n,10.1
d-0354,synthetic_fallback,,42.43971,-7.38645,2025-08-16T13:00:00Z,2026-09-18T16:54:21Z,N20,n,46.6
d-0355,synthetic_fallback,,42.42531,-7.39329,2025-08-16T13:00:00Z,2026-09-18T16:54:21Z,N20,n,78.6
d-0356,synthetic_fallback,,42.25051,-7.38632,2025-08-16T13:00:00Z,2026-09-18T16:54:21Z,N20,n,30.9
d-0357,synthetic_fallback,,42.48112,-7.34896,2025-08-16T13:00:00Z,2026-09-18T16:54:21Z,N20,n,60.1
d-0358,synthetic_fallback,,42.25991,-7.3948,2025-08-16T13:00:00Z,2026-09-18T16:54:21Z,N20,h,66.0
d-0359,synthetic_fallback,,42.27947,-7.12952,2025-08-17T02:00:00Z,2026-09-18T16:54:21Z,N20,h,57.2
d-0360,synthetic_fallback,,42.26891,-7.11591,2025-08-17T02:00:00Z,2026-09-18T16:54:21Z,N20,h,63.2
d-0361,synthetic_fallback,,42.41304,-7.27618,2025-08-17T02:00:00Z,2026-09-18T16:54:21Z,N20,h,20.0
d-0362,synthetic_fallback,,42.22384,-7.12997,2025-08-17T02:00:00Z,2026-09-18T16:54:21Z,N20,h,79.2
d-0363,synthetic_fallback,,42.41914,-7.29503,2025-08-17T02:00:00Z,2026-09-18T16:54:21Z,N20,n,19.3
d-0364,synthetic_fallback,,42.2795,-7.12502,2025-08-17T02:00:00Z,2026-09-18T16:54:21Z,N20,n,29.9
d-0365,synthetic_fallback,,42.39611,-7.24578,2025-08-17T02:00:00Z,2026-09-18T16:54:21Z,N20,n,60.7
d-0366,synthetic_fallback,,42.40451,-7.22809,2025-08-17T02:00:00Z,2026-09-18T16:54:21Z,N20,n,42.2
d-0367,synthetic_fallback,,42.22621,-7.11846,2025-08-17T02:00:00Z,2026-09-18T16:54:21Z,N20,h,65.1
d-0368,synthetic_fallback,,42.42809,-7.38401,2025-08-17T02:00:00Z,2026-09-18T16:54:21Z,N20,n,66.7
d-0369,synthetic_fallback,,42.4106,-7.26224,2025-08-17T02:00:00Z,2026-09-18T16:54:21Z,N20,h,54.6
d-0370,synthetic_fallback,,42.34008,-7.15916,2025-08-17T02:00:00Z,2026-09-18T16:54:21Z,N20,h,56.7
d-0371,synthetic_fallback,,42.41954,-7.40134,2025-08-17T02:00:00Z,2026-09-18T16:54:21Z,N20,n,31.4
d-0372,synthetic_fallback,,42.42461,-7.28118,2025-08-17T02:00:00Z,2026-09-18T16:54:21Z,N20,n,76.1
d-0373,synthetic_fallback,,42.32699,-7.15528,2025-08-17T02:00:00Z,2026-09-18T16:54:21Z,N20,h,65.1
d-0374,synthetic_fallback,,42.56694,-7.19057,2025-08-17T02:00:00Z,2026-09-18T16:54:21Z,N20,h,50.6
d-0375,synthetic_fallback,,42.23952,-7.43951,2025-08-17T02:00:00Z,2026-09-18T16:54:21Z,N20,h,63.4
d-0376,synthetic_fallback,,42.40073,-7.44962,2025-08-17T02:00:00Z,2026-09-18T16:54:21Z,N20,h,50.4
d-0377,synthetic_fallback,,42.56674,-7.19313,2025-08-17T02:00:00Z,2026-09-18T16:54:21Z,N20,h,62.2
d-0378,synthetic_fallback,,42.46466,-7.41555,2025-08-17T02:00:00Z,2026-09-18T16:54:21Z,N20,h,53.7
d-0379,synthetic_fallback,,42.27749,-7.44569,2025-08-17T02:00:00Z,2026-09-18T16:54:21Z,N20,n,42.4
d-0380,synthetic_fallback,,42.47507,-7.39997,2025-08-17T02:00:00Z,2026-09-18T16:54:21Z,N20,h,24.5
d-0381,synthetic_fallback,,42.56386,-7.16231,2025-08-17T02:00:00Z,2026-09-18T16:54:21Z,N20,h,73.7
d-0382,synthetic_fallback,,42.2804,-7.45293,2025-08-17T02:00:00Z,2026-09-18T16:54:21Z,N20,n,38.9
d-0383,synthetic_fallback,,42.43183,-7.44845,2025-08-17T02:00:00Z,2026-09-18T16:54:21Z,N20,h,56.1
d-0384,synthetic_fallback,,42.37314,-7.46943,2025-08-17T02:00:00Z,2026-09-18T16:54:21Z,N20,h,9.9
d-0385,synthetic_fallback,,42.55975,-7.2291,2025-08-17T02:00:00Z,2026-09-18T16:54:21Z,N20,n,58.4
d-0386,synthetic_fallback,,42.50852,-7.37702,2025-08-17T02:00:00Z,2026-09-18T16:54:21Z,N20,n,43.2
d-0387,synthetic_fallback,,42.31728,-7.4533,2025-08-17T02:00:00Z,2026-09-18T16:54:21Z,N20,h,64.3
d-0388,synthetic_fallback,,42.46837,-7.39578,2025-08-17T02:00:00Z,2026-09-18T16:54:21Z,N20,h,65.3
d-0389,synthetic_fallback,,42.33945,-7.1516,2025-08-17T13:00:00Z,2026-09-18T16:54:21Z,N20,h,28.2
d-0390,synthetic_fallback,,42.30541,-7.11818,2025-08-17T13:00:00Z,2026-09-18T16:54:21Z,N20,h,62.7
d-0391,synthetic_fallback,,42.42961,-7.38695,2025-08-17T13:00:00Z,2026-09-18T16:54:21Z,N20,n,53.2
d-0392,synthetic_fallback,,42.31582,-7.13786,2025-08-17T13:00:00Z,2026-09-18T16:54:21Z,N20,h,70.8
d-0393,synthetic_fallback,,42.33224,-7.13962,2025-08-17T13:00:00Z,2026-09-18T16:54:21Z,N20,h,77.5
d-0394,synthetic_fallback,,42.2314,-7.11939,2025-08-17T13:00:00Z,2026-09-18T16:54:21Z,N20,h,14.3
d-0395,synthetic_fallback,,42.41802,-7.34049,2025-08-17T13:00:00Z,2026-09-18T16:54:21Z,N20,h,58.2
d-0396,synthetic_fallback,,42.22039,-7.12314,2025-08-17T13:00:00Z,2026-09-18T16:54:21Z,N20,n,68.4
d-0397,synthetic_fallback,,42.32928,-7.1521,2025-08-17T13:00:00Z,2026-09-18T16:54:21Z,N20,h,14.4
d-0398,synthetic_fallback,,42.36049,-7.17987,2025-08-17T13:00:00Z,2026-09-18T16:54:21Z,N20,h,17.6
d-0399,synthetic_fallback,,42.43245,-7.34445,2025-08-17T13:00:00Z,2026-09-18T16:54:21Z,N20,n,59.0
d-0400,synthetic_fallback,,42.25709,-7.115,2025-08-17T13:00:00Z,2026-09-18T16:54:21Z,N20,h,66.9
d-0401,synthetic_fallback,,42.414,-7.39849,2025-08-17T13:00:00Z,2026-09-18T16:54:21Z,N20,n,48.3
d-0402,synthetic_fallback,,42.28571,-7.11949,2025-08-17T13:00:00Z,2026-09-18T16:54:21Z,N20,h,52.9
d-0403,synthetic_fallback,,42.33401,-7.14878,2025-08-17T13:00:00Z,2026-09-18T16:54:21Z,N20,h,76.7
d-0404,synthetic_fallback,,42.54594,-7.28121,2025-08-17T13:00:00Z,2026-09-18T16:54:21Z,N20,n,27.3
d-0405,synthetic_fallback,,42.2555,-7.43044,2025-08-17T13:00:00Z,2026-09-18T16:54:21Z,N20,h,41.3
d-0406,synthetic_fallback,,42.48893,-7.37841,2025-08-17T13:00:00Z,2026-09-18T16:54:21Z,N20,h,58.9
d-0407,synthetic_fallback,,42.55934,-7.24939,2025-08-17T13:00:00Z,2026-09-18T16:54:21Z,N20,n,14.8
d-0408,synthetic_fallback,,42.47489,-7.39965,2025-08-17T13:00:00Z,2026-09-18T16:54:21Z,N20,h,40.0
d-0409,synthetic_fallback,,42.33865,-7.4585,2025-08-17T13:00:00Z,2026-09-18T16:54:21Z,N20,h,26.8
d-0410,synthetic_fallback,,42.49409,-7.37787,2025-08-17T13:00:00Z,2026-09-18T16:54:21Z,N20,h,69.9
d-0411,synthetic_fallback,,42.37494,-7.45217,2025-08-17T13:00:00Z,2026-09-18T16:54:21Z,N20,h,28.5
d-0412,synthetic_fallback,,42.45374,-7.43001,2025-08-17T13:00:00Z,2026-09-18T16:54:21Z,N20,h,42.4
d-0413,synthetic_fallback,,42.23843,-7.42592,2025-08-17T13:00:00Z,2026-09-18T16:54:21Z,N20,n,42.9
d-0414,synthetic_fallback,,42.32256,-7.4746,2025-08-17T13:00:00Z,2026-09-18T16:54:21Z,N20,h,8.8
d-0415,synthetic_fallback,,42.55792,-7.23443,2025-08-17T13:00:00Z,2026-09-18T16:54:21Z,N20,n,40.3
d-0416,synthetic_fallback,,42.554,-7.25631,2025-08-17T13:00:00Z,2026-09-18T16:54:21Z,N20,h,71.2
d-0417,synthetic_fallback,,42.5414,-7.30748,2025-08-17T13:00:00Z,2026-09-18T16:54:21Z,N20,h,35.0
d-0418,synthetic_fallback,,42.31345,-7.4637,2025-08-17T13:00:00Z,2026-09-18T16:54:21Z,N20,h,10.5
d-0419,synthetic_fallback,,42.28606,-7.12327,2025-08-18T02:00:00Z,2026-09-18T16:54:21Z,N20,h,79.2
d-0420,synthetic_fallback,,42.42809,-7.36322,2025-08-18T02:00:00Z,2026-09-18T16:54:21Z,N20,n,34.5
d-0421,synthetic_fallback,,42.41181,-7.25128,2025-08-18T02:00:00Z,2026-09-18T16:54:21Z,N20,n,61.6
d-0422,synthetic_fallback,,42.36585,-7.18989,2025-08-18T02:00:00Z,2026-09-18T16:54:21Z,N20,h,8.4
d-0423,synthetic_fallback,,42.4021,-7.26093,2025-08-18T02:00:00Z,2026-09-18T16:54:21Z,N20,h,39.3
d-0424,synthetic_fallback,,42.36915,-7.18047,2025-08-18T02:00:00Z,2026-09-18T16:54:21Z,N20,h,51.0
d-0425,synthetic_fallback,,42.2031,-7.13223,2025-08-18T02:00:00Z,2026-09-18T16:54:21Z,N20,n,27.4
d-0426,synthetic_fallback,,42.26203,-7.12209,2025-08-18T02:00:00Z,2026-09-18T16:54:21Z,N20,h,58.2
d-0427,synthetic_fallback,,42.26657,-7.12365,2025-08-18T02:00:00Z,2026-09-18T16:54:21Z,N20,h,55.5
d-0428,synthetic_fallback,,42.35281,-7.15095,2025-08-18T02:00:00Z,2026-09-18T16:54:21Z,N20,n,59.4
d-0429,synthetic_fallback,,42.42436,-7.41077,2025-08-18T02:00:00Z,2026-09-18T16:54:21Z,N20,h,77.5
d-0430,synthetic_fallback,,42.28275,-7.11534,2025-08-18T02:00:00Z,2026-09-18T16:54:21Z,N20,h,59.1
d-0431,synthetic_fallback,,42.42554,-7.33662,2025-08-18T02:00:00Z,2026-09-18T16:54:21Z,N20,n,51.5
d-0432,synthetic_fallback,,42.43079,-7.34798,2025-08-18T02:00:00Z,2026-09-18T16:54:21Z,N20,n,7.4
d-0433,synthetic_fallback,,42.43283,-7.36805,2025-08-18T02:00:00Z,2026-09-18T16:54:21Z,N20,h,28.5
d-0434,synthetic_fallback,,42.51409,-7.33902,2025-08-18T02:00:00Z,2026-09-18T16:54:21Z,N20,h,63.1
d-0435,synthetic_fallback,,42.56417,-7.24306,2025-08-18T02:00:00Z,2026-09-18T16:54:21Z,N20,n,9.7
d-0436,synthetic_fallback,,42.32014,-7.45409,2025-08-18T02:00:00Z,2026-09-18T16:54:21Z,N20,h,54.7
d-0437,synthetic_fallback,,42.3696,-7.46222,2025-08-18T02:00:00Z,2026-09-18T16:54:21Z,N20,h,73.4
d-0438,synthetic_fallback,,42.38773,-7.45342,2025-08-18T02:00:00Z,2026-09-18T16:54:21Z,N20,n,59.1
d-0439,synthetic_fallback,,42.52194,-7.34484,2025-08-18T02:00:00Z,2026-09-18T16:54:21Z,N20,n,19.4
d-0440,synthetic_fallback,,42.47222,-7.39859,2025-08-18T02:00:00Z,2026-09-18T16:54:21Z,N20,h,78.0
d-0441,synthetic_fallback,,42.35766,-7.45833,2025-08-18T02:00:00Z,2026-09-18T16:54:21Z,N20,h,57.9
d-0442,synthetic_fallback,,42.38514,-7.45353,2025-08-18T02:00:00Z,2026-09-18T16:54:21Z,N20,n,64.7
d-0443,synthetic_fallback,,42.28111,-7.4477,2025-08-18T02:00:00Z,2026-09-18T16:54:21Z,N20,n,33.5
d-0444,synthetic_fallback,,42.55672,-7.27768,2025-08-18T02:00:00Z,2026-09-18T16:54:21Z,N20,n,65.3
d-0445,synthetic_fallback,,42.35702,-7.45822,2025-08-18T02:00:00Z,2026-09-18T16:54:21Z,N20,n,31.0
d-0446,synthetic_fallback,,42.34262,-7.46275,2025-08-18T02:00:00Z,2026-09-18T16:54:21Z,N20,h,20.2
d-0447,synthetic_fallback,,42.5633,-7.20281,2025-08-18T02:00:00Z,2026-09-18T16:54:21Z,N20,n,15.3
d-0448,synthetic_fallback,,42.48689,-7.39426,2025-08-18T02:00:00Z,2026-09-18T16:54:21Z,N20,h,55.2
d-0449,synthetic_fallback,,42.33074,-7.14541,2025-08-18T13:00:00Z,2026-09-18T16:54:21Z,N20,h,36.0
d-0450,synthetic_fallback,,42.42853,-7.37275,2025-08-18T13:00:00Z,2026-09-18T16:54:21Z,N20,n,5.4
d-0451,synthetic_fallback,,42.22431,-7.11745,2025-08-18T13:00:00Z,2026-09-18T16:54:21Z,N20,h,75.1
d-0452,synthetic_fallback,,42.38296,-7.18994,2025-08-18T13:00:00Z,2026-09-18T16:54:21Z,N20,h,77.3
d-0453,synthetic_fallback,,42.32635,-7.14805,2025-08-18T13:00:00Z,2026-09-18T16:54:21Z,N20,n,11.7
d-0454,synthetic_fallback,,42.3632,-7.17431,2025-08-18T13:00:00Z,2026-09-18T16:54:21Z,N20,n,75.3
d-0455,synthetic_fallback,,42.43126,-7.33344,2025-08-18T13:00:00Z,2026-09-18T16:54:21Z,N20,n,18.2
d-0456,synthetic_fallback,,42.19731,-7.11526,2025-08-18T13:00:00Z,2026-09-18T16:54:21Z,N20,h,42.2
d-0457,synthetic_fallback,,42.21066,-7.11077,2025-08-18T13:00:00Z,2026-09-18T16:54:21Z,N20,n,70.8
d-0458,synthetic_fallback,,42.34741,-7.1748,2025-08-18T13:00:00Z,2026-09-18T16:54:21Z,N20,h,78.7
d-0459,synthetic_fallback,,42.20311,-7.12917,2025-08-18T13:00:00Z,2026-09-18T16:54:21Z,N20,h,42.0
d-0460,synthetic_fallback,,42.25413,-7.10666,2025-08-18T13:00:00Z,2026-09-18T16:54:21Z,N20,h,19.5
d-0461,synthetic_fallback,,42.41736,-7.34163,2025-08-18T13:00:00Z,2026-09-18T16:54:21Z,N20,h,24.3
d-0462,synthetic_fallback,,42.29457,-7.13429,2025-08-18T13:00:00Z,2026-09-18T16:54:21Z,N20,n,47.6
d-0463,synthetic_fallback,,42.42846,-7.33362,2025-08-18T13:00:00Z,2026-09-18T16:54:21Z,N20,n,72.3
d-0464,synthetic_fallback,,42.46138,-7.42569,2025-08-18T13:00:00Z,2026-09-18T16:54:21Z,N20,h,55.2
d-0465,synthetic_fallback,,42.28987,-7.44852,2025-08-18T13:00:00Z,2026-09-18T16:54:21Z,N20,h,23.6
d-0466,synthetic_fallback,,42.33293,-7.45818,2025-08-18T13:00:00Z,2026-09-18T16:54:21Z,N20,n,76.6
d-0467,synthetic_fallback,,42.52492,-7.32463,2025-08-18T13:00:00Z,2026-09-18T16:54:21Z,N20,h,54.0
d-0468,synthetic_fallback,,42.25212,-7.44486,2025-08-18T13:00:00Z,2026-09-18T16:54:21Z,N20,h,28.0
d-0469,synthetic_fallback,,42.45229,-7.42109,2025-08-18T13:00:00Z,2026-09-18T16:54:21Z,N20,n,57.8
d-0470,synthetic_fallback,,42.27894,-7.44782,2025-08-18T13:00:00Z,2026-09-18T16:54:21Z,N20,n,27.1
d-0471,synthetic_fallback,,42.32493,-7.46624,2025-08-18T13:00:00Z,2026-09-18T16:54:21Z,N20,h,16.5
d-0472,synthetic_fallback,,42.49523,-7.38858,2025-08-18T13:00:00Z,2026-09-18T16:54:21Z,N20,h,46.2
d-0473,synthetic_fallback,,42.46678,-7.41059,2025-08-18T13:00:00Z,2026-09-18T16:54:21Z,N20,n,21.4
d-0474,synthetic_fallback,,42.53177,-7.30689,2025-08-18T13:00:00Z,2026-09-18T16:54:21Z,N20,n,11.1
d-0475,synthetic_fallback,,42.52201,-7.3366,2025-08-18T13:00:00Z,2026-09-18T16:54:21Z,N20,h,47.3
d-0476,synthetic_fallback,,42.46641,-7.39878,2025-08-18T13:00:00Z,2026-09-18T16:54:21Z,N20,h,48.0
d-0477,synthetic_fallback,,42.37522,-7.45186,2025-08-18T13:00:00Z,2026-09-18T16:54:21Z,N20,h,13.7
d-0478,synthetic_fallback,,42.48082,-7.3881,2025-08-18T13:00:00Z,2026-09-18T16:54:21Z,N20,h,43.3
d-0479,synthetic_fallback,,42.38814,-7.20062,2025-08-19T02:00:00Z,2026-09-18T16:54:21Z,N20,h,39.3
d-0480,synthetic_fallback,,42.37565,-7.20891,2025-08-19T02:00:00Z,2026-09-18T16:54:21Z,N20,n,59.2
d-0481,synthetic_fallback,,42.26652,-7.12128,2025-08-19T02:00:00Z,2026-09-18T16:54:21Z,N20,n,48.4
d-0482,synthetic_fallback,,42.39881,-7.25683,2025-08-19T02:00:00Z,2026-09-18T16:54:21Z,N20,h,79.6
d-0483,synthetic_fallback,,42.43139,-7.38975,2025-08-19T02:00:00Z,2026-09-18T16:54:21Z,N20,n,7.4
d-0484,synthetic_fallback,,42.28401,-7.12501,2025-08-19T02:00:00Z,2026-09-18T16:54:21Z,N20,n,78.4
d-0485,synthetic_fallback,,42.39358,-7.21671,2025-08-19T02:00:00Z,2026-09-18T16:54:21Z,N20,n,33.7
d-0486,synthetic_fallback,,42.23233,-7.10866,2025-08-19T02:00:00Z,2026-09-18T16:54:21Z,N20,h,56.2
d-0487,synthetic_fallback,,42.36302,-7.1713,2025-08-19T02:00:00Z,2026-09-18T16:54:21Z,N20,n,31.1
d-0488,synthetic_fallback,,42.35798,-7.18094,2025-08-19T02:00:00Z,2026-09-18T16:54:21Z,N20,h,59.6
d-0489,synthetic_fallback,,42.41423,-7.41964,2025-08-19T02:00:00Z,2026-09-18T16:54:21Z,N20,h,27.4
d-0490,synthetic_fallback,,42.36164,-7.16937,2025-08-19T02:00:00Z,2026-09-18T16:54:21Z,N20,h,66.8
d-0491,synthetic_fallback,,42.4018,-7.25392,2025-08-19T02:00:00Z,2026-09-18T16:54:21Z,N20,h,75.3
d-0492,synthetic_fallback,,42.42885,-7.36634,2025-08-19T02:00:00Z,2026-09-18T16:54:21Z,N20,n,36.4
d-0493,synthetic_fallback,,42.24134,-7.11062,2025-08-19T02:00:00Z,2026-09-18T16:54:21Z,N20,h,20.5
d-0494,synthetic_fallback,,42.24438,-7.42432,2025-08-19T02:00:00Z,2026-09-18T16:54:21Z,N20,h,57.7
d-0495,synthetic_fallback,,42.52539,-7.31204,2025-08-19T02:00:00Z,2026-09-18T16:54:21Z,N20,h,22.6
d-0496,synthetic_fallback,,42.55083,-7.24398,2025-08-19T02:00:00Z,2026-09-18T16:54:21Z,N20,h,42.8
d-0497,synthetic_fallback,,42.54474,-7.2729,2025-08-19T02:00:00Z,2026-09-18T16:54:21Z,N20,n,28.9
d-0498,synthetic_fallback,,42.51519,-7.35469,2025-08-19T02:00:00Z,2026-09-18T16:54:21Z,N20,h,27.6
d-0499,synthetic_fallback,,42.50524,-7.35349,2025-08-19T02:00:00Z,2026-09-18T16:54:21Z,N20,h,27.5
d-0500,synthetic_fallback,,42.55567,-7.19169,2025-08-19T02:00:00Z,2026-09-18T16:54:21Z,N20,n,73.4
d-0501,synthetic_fallback,,42.422,-7.44669,2025-08-19T02:00:00Z,2026-09-18T16:54:21Z,N20,h,77.9
d-0502,synthetic_fallback,,42.5196,-7.36062,2025-08-19T02:00:00Z,2026-09-18T16:54:21Z,N20,n,28.9
d-0503,synthetic_fallback,,42.29283,-7.45521,2025-08-19T02:00:00Z,2026-09-18T16:54:21Z,N20,h,61.6
d-0504,synthetic_fallback,,42.55324,-7.25451,2025-08-19T02:00:00Z,2026-09-18T16:54:21Z,N20,h,58.1
d-0505,synthetic_fallback,,42.56665,-7.21555,2025-08-19T02:00:00Z,2026-09-18T16:54:21Z,N20,h,77.6
d-0506,synthetic_fallback,,42.28533,-7.45635,2025-08-19T02:00:00Z,2026-09-18T16:54:21Z,N20,h,20.3
d-0507,synthetic_fallback,,42.56445,-7.21009,2025-08-19T02:00:00Z,2026-09-18T16:54:21Z,N20,n,11.9
d-0508,synthetic_fallback,,42.31113,-7.46709,2025-08-19T02:00:00Z,2026-09-18T16:54:21Z,N20,h,55.5
d-0509,synthetic_fallback,,42.24526,-7.11453,2025-08-19T13:00:00Z,2026-09-18T16:54:21Z,N20,h,62.1
d-0510,synthetic_fallback,,42.3579,-7.16373,2025-08-19T13:00:00Z,2026-09-18T16:54:21Z,N20,h,70.2
d-0511,synthetic_fallback,,42.21453,-7.12472,2025-08-19T13:00:00Z,2026-09-18T16:54:21Z,N20,h,75.3
d-0512,synthetic_fallback,,42.43315,-7.3641,2025-08-19T13:00:00Z,2026-09-18T16:54:21Z,N20,n,40.9
d-0513,synthetic_fallback,,42.33891,-7.16,2025-08-19T13:00:00Z,2026-09-18T16:54:21Z,N20,h,73.6
d-0514,synthetic_fallback,,42.28215,-7.12091,2025-08-19T13:00:00Z,2026-09-18T16:54:21Z,N20,h,45.0
d-0515,synthetic_fallback,,42.41511,-7.29223,2025-08-19T13:00:00Z,2026-09-18T16:54:21Z,N20,h,42.3
d-0516,synthetic_fallback,,42.20665,-7.13268,2025-08-19T13:00:00Z,2026-09-18T16:54:21Z,N20,h,68.0
d-0517,synthetic_fallback,,42.40799,-7.23514,2025-08-19T13:00:00Z,2026-09-18T16:54:21Z,N20,h,47.2
d-0518,synthetic_fallback,,42.41968,-7.34962,2025-08-19T13:00:00Z,2026-09-18T16:54:21Z,N20,h,75.1
d-0519,synthetic_fallback,,42.39322,-7.21882,2025-08-19T13:00:00Z,2026-09-18T16:54:21Z,N20,h,29.7
d-0520,synthetic_fallback,,42.26023,-7.1208,2025-08-19T13:00:00Z,2026-09-18T16:54:21Z,N20,h,54.1
d-0521,synthetic_fallback,,42.42118,-7.2921,2025-08-19T13:00:00Z,2026-09-18T16:54:21Z,N20,n,77.5
d-0522,synthetic_fallback,,42.37637,-7.18887,2025-08-19T13:00:00Z,2026-09-18T16:54:21Z,N20,h,64.6
d-0523,synthetic_fallback,,42.30015,-7.13709,2025-08-19T13:00:00Z,2026-09-18T16:54:21Z,N20,h,73.8
d-0524,synthetic_fallback,,42.50484,-7.36862,2025-08-19T13:00:00Z,2026-09-18T16:54:21Z,N20,h,7.5
d-0525,synthetic_fallback,,42.56954,-7.19594,2025-08-19T13:00:00Z,2026-09-18T16:54:21Z,N20,n,62.3
d-0526,synthetic_fallback,,42.55118,-7.25814,2025-08-19T13:00:00Z,2026-09-18T16:54:21Z,N20,h,58.0
d-0527,synthetic_fallback,,42.44996,-7.41174,2025-08-19T13:00:00Z,2026-09-18T16:54:21Z,N20,h,51.3
d-0528,synthetic_fallback,,42.498,-7.38235,2025-08-19T13:00:00Z,2026-09-18T16:54:21Z,N20,h,41.6
d-0529,synthetic_fallback,,42.46729,-7.39625,2025-08-19T13:00:00Z,2026-09-18T16:54:21Z,N20,h,44.7
d-0530,synthetic_fallback,,42.56053,-7.17413,2025-08-19T13:00:00Z,2026-09-18T16:54:21Z,N20,h,66.0
d-0531,synthetic_fallback,,42.54937,-7.2822,2025-08-19T13:00:00Z,2026-09-18T16:54:21Z,N20,n,13.0
d-0532,synthetic_fallback,,42.29391,-7.44756,2025-08-19T13:00:00Z,2026-09-18T16:54:21Z,N20,h,44.5
d-0533,synthetic_fallback,,42.34794,-7.47167,2025-08-19T13:00:00Z,2026-09-18T16:54:21Z,N20,h,33.0
d-0534,synthetic_fallback,,42.47652,-7.39905,2025-08-19T13:00:00Z,2026-09-18T16:54:21Z,N20,n,21.9
d-0535,synthetic_fallback,,42.55662,-7.25702,2025-08-19T13:00:00Z,2026-09-18T16:54:21Z,N20,n,69.4
d-0536,synthetic_fallback,,42.26574,-7.45361,2025-08-19T13:00:00Z,2026-09-18T16:54:21Z,N20,h,46.5
d-0537,synthetic_fallback,,42.23503,-7.41649,2025-08-19T13:00:00Z,2026-09-18T16:54:21Z,N20,h,42.5
d-0538,synthetic_fallback,,42.54115,-7.29246,2025-08-19T13:00:00Z,2026-09-18T16:54:21Z,N20,h,69.3
d-0539,synthetic_fallback,,42.3595,-7.1854,2025-08-20T02:00:00Z,2026-09-18T16:54:21Z,N20,h,20.9
d-0540,synthetic_fallback,,42.23982,-7.10819,2025-08-20T02:00:00Z,2026-09-18T16:54:21Z,N20,h,8.5
d-0541,synthetic_fallback,,42.22656,-7.12874,2025-08-20T02:00:00Z,2026-09-18T16:54:21Z,N20,n,47.3
d-0542,synthetic_fallback,,42.2255,-7.12992,2025-08-20T02:00:00Z,2026-09-18T16:54:21Z,N20,h,77.1
d-0543,synthetic_fallback,,42.29089,-7.1228,2025-08-20T02:00:00Z,2026-09-18T16:54:21Z,N20,n,34.9
d-0544,synthetic_fallback,,42.41672,-7.34172,2025-08-20T02:00:00Z,2026-09-18T16:54:21Z,N20,h,67.6
d-0545,synthetic_fallback,,42.23673,-7.12,2025-08-20T02:00:00Z,2026-09-18T16:54:21Z,N20,h,61.7
d-0546,synthetic_fallback,,42.20395,-7.13251,2025-08-20T02:00:00Z,2026-09-18T16:54:21Z,N20,n,42.6
d-0547,synthetic_fallback,,42.43129,-7.39798,2025-08-20T02:00:00Z,2026-09-18T16:54:21Z,N20,h,67.9
d-0548,synthetic_fallback,,42.28373,-7.12663,2025-08-20T02:00:00Z,2026-09-18T16:54:21Z,N20,n,34.8
d-0549,synthetic_fallback,,42.4261,-7.40967,2025-08-20T02:00:00Z,2026-09-18T16:54:21Z,N20,h,79.4
d-0550,synthetic_fallback,,42.40405,-7.24689,2025-08-20T02:00:00Z,2026-09-18T16:54:21Z,N20,n,37.4
d-0551,synthetic_fallback,,42.32424,-7.13689,2025-08-20T02:00:00Z,2026-09-18T16:54:21Z,N20,h,51.4
d-0552,synthetic_fallback,,42.30636,-7.1238,2025-08-20T02:00:00Z,2026-09-18T16:54:21Z,N20,h,16.6
d-0553,synthetic_fallback,,42.33365,-7.14255,2025-08-20T02:00:00Z,2026-09-18T16:54:21Z,N20,n,28.8
d-0554,synthetic_fallback,,42.2329,-7.41628,2025-08-20T02:00:00Z,2026-09-18T16:54:21Z,N20,h,32.0
d-0555,synthetic_fallback,,42.28588,-7.44932,2025-08-20T02:00:00Z,2026-09-18T16:54:21Z,N20,h,38.7
d-0556,synthetic_fallback,,42.41303,-7.44925,2025-08-20T02:00:00Z,2026-09-18T16:54:21Z,N20,h,31.5
d-0557,synthetic_fallback,,42.48467,-7.37999,2025-08-20T02:00:00Z,2026-09-18T16:54:21Z,N20,h,33.9
d-0558,synthetic_fallback,,42.40257,-7.44702,2025-08-20T02:00:00Z,2026-09-18T16:54:21Z,N20,h,72.6
d-0559,synthetic_fallback,,42.57187,-7.1744,2025-08-20T02:00:00Z,2026-09-18T16:54:21Z,N20,h,17.7
d-0560,synthetic_fallback,,42.28825,-7.4529,2025-08-20T02:00:00Z,2026-09-18T16:54:21Z,N20,h,42.0
d-0561,synthetic_fallback,,42.42152,-7.43221,2025-08-20T02:00:00Z,2026-09-18T16:54:21Z,N20,h,41.3
d-0562,synthetic_fallback,,42.3404,-7.45387,2025-08-20T02:00:00Z,2026-09-18T16:54:21Z,N20,h,51.9
d-0563,synthetic_fallback,,42.31382,-7.46434,2025-08-20T02:00:00Z,2026-09-18T16:54:21Z,N20,h,27.8
d-0564,synthetic_fallback,,42.37949,-7.47063,2025-08-20T02:00:00Z,2026-09-18T16:54:21Z,N20,n,65.3
d-0565,synthetic_fallback,,42.37877,-7.45549,2025-08-20T02:00:00Z,2026-09-18T16:54:21Z,N20,n,69.5
d-0566,synthetic_fallback,,42.28446,-7.4665,2025-08-20T02:00:00Z,2026-09-18T16:54:21Z,N20,h,76.0
d-0567,synthetic_fallback,,42.36903,-7.45435,2025-08-20T02:00:00Z,2026-09-18T16:54:21Z,N20,n,77.7
d-0568,synthetic_fallback,,42.51734,-7.33885,2025-08-20T02:00:00Z,2026-09-18T16:54:21Z,N20,h,48.2
d-0569,synthetic_fallback,,42.3965,-7.24091,2025-08-20T13:00:00Z,2026-09-18T16:54:21Z,N20,n,34.5
d-0570,synthetic_fallback,,42.34973,-7.17397,2025-08-20T13:00:00Z,2026-09-18T16:54:21Z,N20,h,45.9
d-0571,synthetic_fallback,,42.36006,-7.16736,2025-08-20T13:00:00Z,2026-09-18T16:54:21Z,N20,n,39.6
d-0572,synthetic_fallback,,42.39035,-7.20826,2025-08-20T13:00:00Z,2026-09-18T16:54:21Z,N20,h,57.0
d-0573,synthetic_fallback,,42.27543,-7.11262,2025-08-20T13:00:00Z,2026-09-18T16:54:21Z,N20,h,42.4
d-0574,synthetic_fallback,,42.4218,-7.30009,2025-08-20T13:00:00Z,2026-09-18T16:54:21Z,N20,n,58.6
d-0575,synthetic_fallback,,42.429,-7.38675,2025-08-20T13:00:00Z,2026-09-18T16:54:21Z,N20,n,40.9
d-0576,synthetic_fallback,,42.36904,-7.18722,2025-08-20T13:00:00Z,2026-09-18T16:54:21Z,N20,n,56.9
d-0577,synthetic_fallback,,42.27647,-7.11964,2025-08-20T13:00:00Z,2026-09-18T16:54:21Z,N20,h,72.2
d-0578,synthetic_fallback,,42.33071,-7.14523,2025-08-20T13:00:00Z,2026-09-18T16:54:21Z,N20,h,62.7
d-0579,synthetic_fallback,,42.40685,-7.24536,2025-08-20T13:00:00Z,2026-09-18T16:54:21Z,N20,n,8.3
d-0580,synthetic_fallback,,42.32057,-7.12649,2025-08-20T13:00:00Z,2026-09-18T16:54:21Z,N20,h,61.5
d-0581,synthetic_fallback,,42.39592,-7.20783,2025-08-20T13:00:00Z,2026-09-18T16:54:21Z,N20,h,24.4
d-0582,synthetic_fallback,,42.36707,-7.18103,2025-08-20T13:00:00Z,2026-09-18T16:54:21Z,N20,h,48.1
d-0583,synthetic_fallback,,42.39674,-7.23186,2025-08-20T13:00:00Z,2026-09-18T16:54:21Z,N20,n,49.1
d-0584,synthetic_fallback,,42.38404,-7.45839,2025-08-20T13:00:00Z,2026-09-18T16:54:21Z,N20,h,12.8
d-0585,synthetic_fallback,,42.5626,-7.18428,2025-08-20T13:00:00Z,2026-09-18T16:54:21Z,N20,h,75.6
d-0586,synthetic_fallback,,42.36786,-7.4531,2025-08-20T13:00:00Z,2026-09-18T16:54:21Z,N20,h,20.5
d-0587,synthetic_fallback,,42.4421,-7.43075,2025-08-20T13:00:00Z,2026-09-18T16:54:21Z,N20,h,57.3
d-0588,synthetic_fallback,,42.3629,-7.45821,2025-08-20T13:00:00Z,2026-09-18T16:54:21Z,N20,n,13.6
d-0589,synthetic_fallback,,42.5109,-7.37077,2025-08-20T13:00:00Z,2026-09-18T16:54:21Z,N20,n,17.3
d-0590,synthetic_fallback,,42.33659,-7.4759,2025-08-20T13:00:00Z,2026-09-18T16:54:21Z,N20,h,17.0
d-0591,synthetic_fallback,,42.56505,-7.18665,2025-08-20T13:00:00Z,2026-09-18T16:54:21Z,N20,h,35.4
d-0592,synthetic_fallback,,42.49973,-7.36326,2025-08-20T13:00:00Z,2026-09-18T16:54:21Z,N20,h,7.2
d-0593,synthetic_fallback,,42.31462,-7.46496,2025-08-20T13:00:00Z,2026-09-18T16:54:21Z,N20,h,34.2
d-0594,synthetic_fallback,,42.31846,-7.46772,2025-08-20T13:00:00Z,2026-09-18T16:54:21Z,N20,n,65.7
d-0595,synthetic_fallback,,42.27337,-7.43919,2025-08-20T13:00:00Z,2026-09-18T16:54:21Z,N20,n,19.0
d-0596,synthetic_fallback,,42.43304,-7.43244,2025-08-20T13:00:00Z,2026-09-18T16:54:21Z,N20,h,69.7
d-0597,synthetic_fallback,,42.50378,-7.36964,2025-08-20T13:00:00Z,2026-09-18T16:54:21Z,N20,h,50.8
d-0598,synthetic_fallback,,42.38572,-7.46009,2025-08-20T13:00:00Z,2026-09-18T16:54:21Z,N20,n,51.3
d-0599,synthetic_fallback,,42.528,-7.34064,2025-08-21T02:00:00Z,2026-09-18T16:54:21Z,N20,h,51.1
d-0600,synthetic_fallback,,42.28733,-7.44518,2025-08-21T02:00:00Z,2026-09-18T16:54:21Z,N20,h,27.9
d-0601,synthetic_fallback,,42.51535,-7.33803,2025-08-21T02:00:00Z,2026-09-18T16:54:21Z,N20,h,36.4
d-0602,synthetic_fallback,,42.39999,-7.44412,2025-08-21T02:00:00Z,2026-09-18T16:54:21Z,N20,h,52.7
d-0603,synthetic_fallback,,42.50795,-7.36951,2025-08-21T02:00:00Z,2026-09-18T16:54:21Z,N20,n,46.6
d-0604,synthetic_fallback,,42.28846,-7.45569,2025-08-21T02:00:00Z,2026-09-18T16:54:21Z,N20,h,38.8
d-0605,synthetic_fallback,,42.38873,-7.44591,2025-08-21T02:00:00Z,2026-09-18T16:54:21Z,N20,h,15.2
d-0606,synthetic_fallback,,42.56984,-7.18369,2025-08-21T02:00:00Z,2026-09-18T16:54:21Z,N20,h,42.1
d-0607,synthetic_fallback,,42.4172,-7.45063,2025-08-21T02:00:00Z,2026-09-18T16:54:21Z,N20,n,41.7
d-0608,synthetic_fallback,,42.24342,-7.42318,2025-08-21T02:00:00Z,2026-09-18T16:54:21Z,N20,n,26.9
d-0609,synthetic_fallback,,42.46483,-7.40661,2025-08-21T02:00:00Z,2026-09-18T16:54:21Z,N20,h,39.3
d-0610,synthetic_fallback,,42.5421,-7.30647,2025-08-21T02:00:00Z,2026-09-18T16:54:21Z,N20,h,13.5
d-0611,synthetic_fallback,,42.53409,-7.29418,2025-08-21T02:00:00Z,2026-09-18T16:54:21Z,N20,n,32.5
d-0612,synthetic_fallback,,42.24216,-7.44233,2025-08-21T02:00:00Z,2026-09-18T16:54:21Z,N20,n,46.0
d-0613,synthetic_fallback,,42.26853,-7.46077,2025-08-21T02:00:00Z,2026-09-18T16:54:21Z,N20,n,61.4
d-0614,synthetic_fallback,,42.56119,-7.16043,2025-08-21T13:00:00Z,2026-09-18T16:54:21Z,N20,h,31.1
d-0615,synthetic_fallback,,42.42856,-7.44815,2025-08-21T13:00:00Z,2026-09-18T16:54:21Z,N20,n,63.2
d-0616,synthetic_fallback,,42.54297,-7.27536,2025-08-21T13:00:00Z,2026-09-18T16:54:21Z,N20,h,31.3
d-0617,synthetic_fallback,,42.50407,-7.37568,2025-08-21T13:00:00Z,2026-09-18T16:54:21Z,N20,h,15.4
d-0618,synthetic_fallback,,42.31985,-7.45573,2025-08-21T13:00:00Z,2026-09-18T16:54:21Z,N20,h,31.3
d-0619,synthetic_fallback,,42.46533,-7.40632,2025-08-21T13:00:00Z,2026-09-18T16:54:21Z,N20,h,57.8
d-0620,synthetic_fallback,,42.34764,-7.45888,2025-08-21T13:00:00Z,2026-09-18T16:54:21Z,N20,n,78.9
d-0621,synthetic_fallback,,42.26699,-7.45213,2025-08-21T13:00:00Z,2026-09-18T16:54:21Z,N20,n,63.9
d-0622,synthetic_fallback,,42.57233,-7.16497,2025-08-21T13:00:00Z,2026-09-18T16:54:21Z,N20,n,14.5
d-0623,synthetic_fallback,,42.33942,-7.47308,2025-08-21T13:00:00Z,2026-09-18T16:54:21Z,N20,n,67.1
d-0624,synthetic_fallback,,42.51859,-7.35536,2025-08-21T13:00:00Z,2026-09-18T16:54:21Z,N20,h,48.3
d-0625,synthetic_fallback,,42.41407,-7.44139,2025-08-21T13:00:00Z,2026-09-18T16:54:21Z,N20,h,52.5
d-0626,synthetic_fallback,,42.26485,-7.45629,2025-08-21T13:00:00Z,2026-09-18T16:54:21Z,N20,h,25.9
d-0627,synthetic_fallback,,42.39702,-7.46533,2025-08-21T13:00:00Z,2026-09-18T16:54:21Z,N20,n,29.5
d-0628,synthetic_fallback,,42.5321,-7.29347,2025-08-21T13:00:00Z,2026-09-18T16:54:21Z,N20,n,59.8
d-0629,synthetic_fallback,,42.51073,-7.35663,2025-08-22T02:00:00Z,2026-09-18T16:54:21Z,N20,h,9.7
d-0630,synthetic_fallback,,42.32442,-7.46424,2025-08-22T02:00:00Z,2026-09-18T16:54:21Z,N20,h,20.9
d-0631,synthetic_fallback,,42.54651,-7.26538,2025-08-22T02:00:00Z,2026-09-18T16:54:21Z,N20,h,48.3
d-0632,synthetic_fallback,,42.44663,-7.42984,2025-08-22T02:00:00Z,2026-09-18T16:54:21Z,N20,h,56.2
d-0633,synthetic_fallback,,42.27251,-7.43845,2025-08-22T02:00:00Z,2026-09-18T16:54:21Z,N20,n,39.5
d-0634,synthetic_fallback,,42.54842,-7.24695,2025-08-22T02:00:00Z,2026-09-18T16:54:21Z,N20,h,5.1
d-0635,synthetic_fallback,,42.31634,-7.47363,2025-08-22T02:00:00Z,2026-09-18T16:54:21Z,N20,n,14.9
d-0636,synthetic_fallback,,42.29649,-7.46203,2025-08-22T02:00:00Z,2026-09-18T16:54:21Z,N20,n,25.6
d-0637,synthetic_fallback,,42.33977,-7.46793,2025-08-22T02:00:00Z,2026-09-18T16:54:21Z,N20,h,72.8
d-0638,synthetic_fallback,,42.40567,-7.44253,2025-08-22T02:00:00Z,2026-09-18T16:54:21Z,N20,h,57.5
d-0639,synthetic_fallback,,42.50504,-7.35716,2025-08-22T02:00:00Z,2026-09-18T16:54:21Z,N20,n,5.1
d-0640,synthetic_fallback,,42.28504,-7.45423,2025-08-22T02:00:00Z,2026-09-18T16:54:21Z,N20,h,56.0
d-0641,synthetic_fallback,,42.51344,-7.33442,2025-08-22T02:00:00Z,2026-09-18T16:54:21Z,N20,n,79.1
d-0642,synthetic_fallback,,42.28505,-7.45287,2025-08-22T02:00:00Z,2026-09-18T16:54:21Z,N20,h,33.7
d-0643,synthetic_fallback,,42.26997,-7.45478,2025-08-22T02:00:00Z,2026-09-18T16:54:21Z,N20,h,71.1
d-0644,synthetic_fallback,,42.53411,-7.29535,2025-08-22T13:00:00Z,2026-09-18T16:54:21Z,N20,n,15.0
d-0645,synthetic_fallback,,42.28758,-7.46798,2025-08-22T13:00:00Z,2026-09-18T16:54:21Z,N20,h,5.6
d-0646,synthetic_fallback,,42.42786,-7.44414,2025-08-22T13:00:00Z,2026-09-18T16:54:21Z,N20,n,52.1
d-0647,synthetic_fallback,,42.41228,-7.43921,2025-08-22T13:00:00Z,2026-09-18T16:54:21Z,N20,n,69.5
d-0648,synthetic_fallback,,42.27268,-7.43951,2025-08-22T13:00:00Z,2026-09-18T16:54:21Z,N20,n,49.2
d-0649,synthetic_fallback,,42.56208,-7.18325,2025-08-22T13:00:00Z,2026-09-18T16:54:21Z,N20,h,15.5
d-0650,synthetic_fallback,,42.26453,-7.44059,2025-08-22T13:00:00Z,2026-09-18T16:54:21Z,N20,h,50.0
d-0651,synthetic_fallback,,42.54282,-7.29745,2025-08-22T13:00:00Z,2026-09-18T16:54:21Z,N20,n,68.6
d-0652,synthetic_fallback,,42.36417,-7.46634,2025-08-22T13:00:00Z,2026-09-18T16:54:21Z,N20,h,43.2
d-0653,synthetic_fallback,,42.36142,-7.4689,2025-08-22T13:00:00Z,2026-09-18T16:54:21Z,N20,h,72.3
d-0654,synthetic_fallback,,42.45401,-7.43517,2025-08-22T13:00:00Z,2026-09-18T16:54:21Z,N20,h,42.5
d-0655,synthetic_fallback,,42.46439,-7.41637,2025-08-22T13:00:00Z,2026-09-18T16:54:21Z,N20,n,79.0
d-0656,synthetic_fallback,,42.28268,-7.46489,2025-08-22T13:00:00Z,2026-09-18T16:54:21Z,N20,n,47.6
d-0657,synthetic_fallback,,42.515,-7.34596,2025-08-22T13:00:00Z,2026-09-18T16:54:21Z,N20,n,76.6
d-0658,synthetic_fallback,,42.23185,-7.43391,2025-08-22T13:00:00Z,2026-09-18T16:54:21Z,N20,h,24.7
d-0659,synthetic_fallback,,42.25596,-7.42983,2025-08-23T02:00:00Z,2026-09-18T16:54:21Z,N20,n,43.0
d-0660,synthetic_fallback,,42.4537,-7.42627,2025-08-23T02:00:00Z,2026-09-18T16:54:21Z,N20,h,57.6
d-0661,synthetic_fallback,,42.46248,-7.4031,2025-08-23T02:00:00Z,2026-09-18T16:54:21Z,N20,n,25.8
d-0662,synthetic_fallback,,42.45493,-7.41626,2025-08-23T02:00:00Z,2026-09-18T16:54:21Z,N20,h,65.6
d-0663,synthetic_fallback,,42.40513,-7.4522,2025-08-23T02:00:00Z,2026-09-18T16:54:21Z,N20,n,67.6
d-0664,synthetic_fallback,,42.25396,-7.44558,2025-08-23T02:00:00Z,2026-09-18T16:54:21Z,N20,n,59.7
d-0665,synthetic_fallback,,42.24917,-7.44723,2025-08-23T02:00:00Z,2026-09-18T16:54:21Z,N20,h,37.6
d-0666,synthetic_fallback,,42.49272,-7.38195,2025-08-23T02:00:00Z,2026-09-18T16:54:21Z,N20,h,60.6
d-0667,synthetic_fallback,,42.27773,-7.45821,2025-08-23T02:00:00Z,2026-09-18T16:54:21Z,N20,n,57.6
d-0668,synthetic_fallback,,42.55772,-7.18918,2025-08-23T02:00:00Z,2026-09-18T16:54:21Z,N20,h,63.7
d-0669,synthetic_fallback,,42.30001,-7.46468,2025-08-23T02:00:00Z,2026-09-18T16:54:21Z,N20,h,63.6
d-0670,synthetic_fallback,,42.55443,-7.23059,2025-08-23T02:00:00Z,2026-09-18T16:54:21Z,N20,n,7.2
d-0671,synthetic_fallback,,42.35018,-7.47136,2025-08-23T02:00:00Z,2026-09-18T16:54:21Z,N20,h,58.4
d-0672,synthetic_fallback,,42.2595,-7.44582,2025-08-23T02:00:00Z,2026-09-18T16:54:21Z,N20,h,32.0
d-0673,synthetic_fallback,,42.47825,-7.40012,2025-08-23T02:00:00Z,2026-09-18T16:54:21Z,N20,h,24.1
d-0674,synthetic_fallback,,42.47638,-7.3898,2025-08-23T13:00:00Z,2026-09-18T16:54:21Z,N20,n,22.1
d-0675,synthetic_fallback,,42.2456,-7.43609,2025-08-23T13:00:00Z,2026-09-18T16:54:21Z,N20,n,23.3
d-0676,synthetic_fallback,,42.4013,-7.45207,2025-08-23T13:00:00Z,2026-09-18T16:54:21Z,N20,h,74.8
d-0677,synthetic_fallback,,42.47677,-7.41256,2025-08-23T13:00:00Z,2026-09-18T16:54:21Z,N20,n,60.5
d-0678,synthetic_fallback,,42.37308,-7.45895,2025-08-23T13:00:00Z,2026-09-18T16:54:21Z,N20,h,59.0
d-0679,synthetic_fallback,,42.26181,-7.43907,2025-08-23T13:00:00Z,2026-09-18T16:54:21Z,N20,h,42.7
d-0680,synthetic_fallback,,42.30537,-7.47035,2025-08-23T13:00:00Z,2026-09-18T16:54:21Z,N20,n,78.6
d-0681,synthetic_fallback,,42.25337,-7.45242,2025-08-23T13:00:00Z,2026-09-18T16:54:21Z,N20,h,26.2
d-0682,synthetic_fallback,,42.37683,-7.46865,2025-08-23T13:00:00Z,2026-09-18T16:54:21Z,N20,h,5.6
d-0683,synthetic_fallback,,42.47383,-7.39554,2025-08-23T13:00:00Z,2026-09-18T16:54:21Z,N20,h,51.7
d-0684,synthetic_fallback,,42.48686,-7.38942,2025-08-23T13:00:00Z,2026-09-18T16:54:21Z,N20,h,62.9
d-0685,synthetic_fallback,,42.55458,-7.22164,2025-08-23T13:00:00Z,2026-09-18T16:54:21Z,N20,n,23.4
d-0686,synthetic_fallback,,42.4107,-7.43621,2025-08-23T13:00:00Z,2026-09-18T16:54:21Z,N20,h,31.0
d-0687,synthetic_fallback,,42.56331,-7.23976,2025-08-23T13:00:00Z,2026-09-18T16:54:21Z,N20,n,5.1
d-0688,synthetic_fallback,,42.55633,-7.25612,2025-08-23T13:00:00Z,2026-09-18T16:54:21Z,N20,n,12.8
d-0689,synthetic_fallback,,42.33401,-7.46477,2025-08-24T02:00:00Z,2026-09-18T16:54:21Z,N20,h,9.5
d-0690,synthetic_fallback,,42.53228,-7.34015,2025-08-24T02:00:00Z,2026-09-18T16:54:21Z,N20,h,74.1
d-0691,synthetic_fallback,,42.46389,-7.42559,2025-08-24T02:00:00Z,2026-09-18T16:54:21Z,N20,n,32.9
d-0692,synthetic_fallback,,42.26052,-7.45666,2025-08-24T02:00:00Z,2026-09-18T16:54:21Z,N20,h,15.0
d-0693,synthetic_fallback,,42.25692,-7.45081,2025-08-24T02:00:00Z,2026-09-18T16:54:21Z,N20,h,37.6
d-0694,synthetic_fallback,,42.33311,-7.47531,2025-08-24T02:00:00Z,2026-09-18T16:54:21Z,N20,h,28.6
d-0695,synthetic_fallback,,42.52633,-7.34325,2025-08-24T02:00:00Z,2026-09-18T16:54:21Z,N20,n,28.9
d-0696,synthetic_fallback,,42.26043,-7.43836,2025-08-24T02:00:00Z,2026-09-18T16:54:21Z,N20,h,63.5
d-0697,synthetic_fallback,,42.29506,-7.46003,2025-08-24T02:00:00Z,2026-09-18T16:54:21Z,N20,h,40.0
d-0698,synthetic_fallback,,42.46551,-7.40986,2025-08-24T02:00:00Z,2026-09-18T16:54:21Z,N20,n,20.6
d-0699,synthetic_fallback,,42.34657,-7.45939,2025-08-24T02:00:00Z,2026-09-18T16:54:21Z,N20,h,16.8
d-0700,synthetic_fallback,,42.55321,-7.27016,2025-08-24T02:00:00Z,2026-09-18T16:54:21Z,N20,n,8.0
d-0701,synthetic_fallback,,42.37704,-7.46839,2025-08-24T02:00:00Z,2026-09-18T16:54:21Z,N20,h,23.6
d-0702,synthetic_fallback,,42.45621,-7.41651,2025-08-24T02:00:00Z,2026-09-18T16:54:21Z,N20,n,24.5
d-0703,synthetic_fallback,,42.23623,-7.44299,2025-08-24T02:00:00Z,2026-09-18T16:54:21Z,N20,h,38.9
d-0704,synthetic_fallback,,42.33951,-7.4702,2025-08-24T13:00:00Z,2026-09-18T16:54:21Z,N20,h,65.3
d-0705,synthetic_fallback,,42.2353,-7.41902,2025-08-24T13:00:00Z,2026-09-18T16:54:21Z,N20,n,78.7
d-0706,synthetic_fallback,,42.54343,-7.2669,2025-08-24T13:00:00Z,2026-09-18T16:54:21Z,N20,h,52.3
d-0707,synthetic_fallback,,42.48558,-7.39667,2025-08-24T13:00:00Z,2026-09-18T16:54:21Z,N20,h,66.0
d-0708,synthetic_fallback,,42.25776,-7.43037,2025-08-24T13:00:00Z,2026-09-18T16:54:21Z,N20,n,38.3
d-0709,synthetic_fallback,,42.55384,-7.21849,2025-08-24T13:00:00Z,2026-09-18T16:54:21Z,N20,n,29.9
d-0710,synthetic_fallback,,42.43233,-7.42528,2025-08-24T13:00:00Z,2026-09-18T16:54:21Z,N20,h,48.0
d-0711,synthetic_fallback,,42.40858,-7.45805,2025-08-24T13:00:00Z,2026-09-18T16:54:21Z,N20,h,56.2
d-0712,synthetic_fallback,,42.32346,-7.45532,2025-08-24T13:00:00Z,2026-09-18T16:54:21Z,N20,h,26.0
d-0713,synthetic_fallback,,42.23865,-7.4417,2025-08-24T13:00:00Z,2026-09-18T16:54:21Z,N20,n,23.4
d-0714,synthetic_fallback,,42.41325,-7.44246,2025-08-24T13:00:00Z,2026-09-18T16:54:21Z,N20,h,9.6
d-0715,synthetic_fallback,,42.28795,-7.45028,2025-08-24T13:00:00Z,2026-09-18T16:54:21Z,N20,h,71.3
d-0716,synthetic_fallback,,42.50102,-7.37346,2025-08-24T13:00:00Z,2026-09-18T16:54:21Z,N20,n,64.6
d-0717,synthetic_fallback,,42.5496,-7.29987,2025-08-24T13:00:00Z,2026-09-18T16:54:21Z,N20,h,45.8
d-0718,synthetic_fallback,,42.5608,-7.21545,2025-08-24T13:00:00Z,2026-09-18T16:54:21Z,N20,h,34.1
